state,year,abortionratetotal,unemployment_rate,gdp,policy_score,sex_and_age_18_to_24_years,sex_and_age_25_to_34_years,sex_and_age_35_to_44_years,sex_and_age_45_to_54_years,sex_and_age_male,sex_and_age_female,educational_attainment_high_school_graduate_or_higher,educational_attainment_bachelors_degree_or_higher,income_in_the_past_12_months_in_2010_inflation_adjusted_dollars_median_household_income_dollars,total_number_of_races_reported_one_race,total_number_of_races_reported_two_races,total_number_of_races_reported_three_races
AL,2010,10.4,10.4,177510.7,-3.0,10.2,12.6,13.0,14.4,48.5,51.5,82.1,21.9,40474.0,98.6,1.3,0.1
AL,2011,10.0,9.6,182896.7,-3.0,10.1,12.7,12.8,14.3,48.4,51.6,82.7,22.3,,98.7,1.3,0.1
AL,2012,9.3,8.2,188280.7,-3.0,10.1,12.6,12.8,13.9,48.5,51.5,84.0,23.3,,98.4,1.5,0.1
AL,2013,8.6,7.4,193981.5,-3.0,10.3,12.7,12.6,13.7,,,84.5,23.5,,,,
AL,2014,8.7,6.8,197064.4,-3.0,10.0,12.7,12.6,13.4,,,84.7,23.5,,,,
AL,2015,8.5,6.1,203113.3,-3.0,9.6,12.9,12.6,13.3,,,84.9,24.2,,,,
AL,2016,8.3,5.8,208824.3,-3.0,9.5,12.9,12.3,13.3,,,85.1,24.7,,,,
AL,2017,8.1,4.5,216615.5,-3.0,9.7,12.9,12.2,12.9,,,86.5,25.5,,,,
AL,2018,8.2,3.9,226263.8,-3.0,,,,,,,,,,,,
AL,2019,8.4,3.2,234798.2,-3.0,,,,,,,,,,,,
AK,2010,14.7,8.0,53654.0,2.0,10.5,14.5,13.1,15.7,52.2,47.8,91.0,27.9,64576.0,93.0,6.3,0.7
AK,2011,14.0,7.6,56912.3,2.0,10.7,14.7,12.9,14.9,51.6,48.4,91.8,26.4,,91.7,7.9,0.4
AK,2012,12.9,7.1,58320.7,2.0,10.9,14.9,13.1,14.2,52.1,47.9,92.0,28.0,,92.0,7.2,0.7
AK,2013,11.8,6.9,57533.0,2.0,11.4,15.5,12.2,13.8,,,91.6,28.0,,,,
AK,2014,11.1,6.7,56587.4,2.0,11.5,15.4,12.6,13.1,,,92.9,28.0,,,,
AK,2015,10.5,6.3,51574.2,2.0,11.2,16.1,12.4,12.6,,,92.6,29.7,,,,
AK,2016,9.8,6.6,51121.8,2.0,10.2,16.4,12.5,12.6,,,93.1,29.6,,,,
AK,2017,9.7,6.6,53550.9,2.0,9.9,16.0,13.1,12.0,,,91.7,28.8,,,,
AK,2018,9.8,6.1,54762.0,2.0,,,,,,,,,,,,
AK,2019,10.0,5.6,54549.6,2.0,,,,,,,,,,,,
AZ,2010,12.0,10.4,250527.0,-2.0,9.9,13.4,12.8,13.2,49.7,50.3,85.6,25.9,46789.0,97.4,2.5,0.1
AZ,2011,12.8,9.5,261691.4,-2.0,10.0,13.4,12.7,13.0,49.8,50.2,85.7,26.6,,97.0,2.8,0.2
AZ,2012,11.7,8.4,272703.3,-2.0,10.0,13.4,12.7,12.8,49.8,50.2,85.7,27.3,,97.1,2.7,0.2
AZ,2013,10.6,7.8,278679.5,-2.0,10.0,13.3,12.6,12.6,,,85.9,27.4,,,,
AZ,2014,10.1,6.8,286676.0,-2.0,10.0,13.3,12.5,12.4,,,86.1,27.6,,,,
AZ,2015,10.3,6.1,298942.2,-2.0,9.8,13.4,12.4,12.3,,,86.1,27.7,,,,
AZ,2016,10.5,5.5,313787.1,-2.0,9.7,13.4,12.3,12.2,,,86.7,28.9,,,,
AZ,2017,9.8,5.0,333099.0,-2.0,9.6,13.6,12.2,12.1,,,87.2,29.4,,,,
AZ,2018,9.8,4.8,353671.0,-2.0,,,,,,,,,,,,
AZ,2019,9.7,4.8,375376.7,-2.0,,,,,,,,,,,,
AR,2010,9.6,7.8,101699.3,-3.0,10.0,12.6,12.7,13.9,49.0,51.0,82.9,19.5,38307.0,98.3,1.6,0.1
AR,2011,9.1,7.9,105697.6,-3.0,9.6,13.0,12.4,13.7,49.3,50.7,83.8,20.3,,98.1,1.9,0.1
AR,2012,8.7,7.2,108836.0,-3.0,9.8,12.9,12.5,13.4,49.1,50.9,84.8,21.0,,98.0,1.8,0.1
AR,2013,8.3,7.0,114021.1,-3.0,9.7,13.0,12.4,13.1,,,84.4,20.6,,,,
AR,2014,7.5,5.9,117388.7,-3.0,9.8,12.8,12.6,12.8,,,85.3,21.4,,,,
AR,2015,6.8,5.0,118573.6,-3.0,9.6,12.9,12.3,12.9,,,85.4,21.8,,,,
AR,2016,6.2,4.0,120987.4,-3.0,9.7,12.8,12.2,12.7,,,86.0,22.4,,,,
AR,2017,6.5,3.7,123882.6,-3.0,9.6,12.7,12.3,12.5,,,86.7,23.4,,,,
AR,2018,6.4,3.6,129213.8,-3.0,,,,,,,,,,,,
AR,2019,6.3,3.5,132625.8,-3.0,,,,,,,,,,,,
CA,2010,24.0,12.3,1938603.3,4.0,10.6,14.3,13.9,14.0,49.7,50.3,80.7,30.1,57708.0,95.8,3.8,0.3
CA,2011,22.4,11.7,2014050.3,4.0,10.6,14.3,13.7,13.9,49.7,50.3,81.1,30.3,,95.8,3.9,0.3
CA,2012,21.4,10.4,2108873.1,4.0,10.6,14.4,13.6,13.7,49.7,50.3,81.5,30.9,,95.6,4.0,0.3
CA,2013,20.5,9.0,2223300.9,4.0,10.5,14.6,13.5,13.6,,,81.7,31.0,,,,
CA,2014,19.5,7.6,2342218.8,4.0,10.3,14.7,13.4,13.5,,,82.1,31.7,,,,
CA,2015,18.4,6.2,2487156.4,4.0,10.1,14.9,13.3,13.4,,,82.2,32.3,,,,
CA,2016,17.3,5.5,2586485.2,4.0,9.8,15.0,13.2,13.2,,,82.4,32.9,,,,
CA,2017,16.3,4.8,2740550.3,4.0,9.6,15.2,13.2,13.1,,,83.3,33.6,,,,
CA,2018,17.3,4.3,2899530.9,4.0,,,,,,,,,,,,
CA,2019,18.4,4.1,3068629.7,4.0,,,,,,,,,,,,
CO,2010,13.4,9.2,256771.8,0.0,9.8,14.4,13.9,14.7,50.1,49.9,89.7,36.4,54046.0,96.6,3.0,0.3
CO,2011,12.6,8.7,266114.1,0.0,9.8,14.6,13.9,14.2,50.2,49.8,90.2,36.7,,96.6,3.1,0.3
CO,2012,11.7,8.0,274738.8,0.0,9.9,14.6,13.7,14.0,50.1,49.9,90.6,37.5,,96.7,3.1,0.2
CO,2013,10.9,6.7,291265.3,0.0,9.7,14.7,13.7,13.6,,,90.5,37.8,,,,
CO,2014,10.8,5.0,309223.9,0.0,9.8,14.9,13.5,13.3,,,90.5,38.3,,,,
CO,2015,10.3,3.7,320895.9,0.0,9.7,15.2,13.5,13.0,,,91.2,39.2,,,,
CO,2016,9.8,3.1,330565.9,0.0,9.6,15.1,13.5,13.0,,,91.4,39.9,,,,
CO,2017,9.7,2.6,350209.1,0.0,9.3,15.5,13.6,12.7,,,91.6,41.2,,,,
CO,2018,9.6,3.0,373923.1,0.0,,,,,,,,,,,,
CO,2019,9.6,2.7,397843.6,0.0,,,,,,,,,,,,
CT,2010,22.4,9.5,234022.2,2.0,9.2,11.8,13.5,16.1,48.6,51.4,88.6,35.5,64032.0,97.5,2.3,0.2
CT,2011,21.2,9.0,233058.7,2.0,9.3,12.0,13.0,16.0,48.7,51.3,89.1,36.2,,97.5,2.3,0.2
CT,2012,20.2,8.4,239907.5,2.0,9.5,12.0,12.8,15.8,48.7,51.3,89.9,37.1,,97.4,2.4,0.2
CT,2013,19.5,7.9,240549.2,2.0,9.6,12.2,12.5,15.5,,,89.7,37.2,,,,
CT,2014,19.5,6.6,247114.7,2.0,9.7,12.2,12.3,15.3,,,90.1,38.0,,,,
CT,2015,18.9,5.6,260648.5,2.0,9.8,12.3,12.0,15.0,,,90.2,38.3,,,,
CT,2016,18.2,4.9,264760.4,2.0,10.0,12.2,11.9,14.7,,,90.5,38.6,,,,
CT,2017,17.8,4.4,273875.1,2.0,9.8,12.4,11.7,14.4,,,90.4,38.7,,,,
CT,2018,17.8,3.9,280535.4,2.0,,,,,,,,,,,,
CT,2019,17.7,3.6,286451.9,2.0,,,,,,,,,,,,
DE,2010,30.0,8.3,58132.2,-2.0,10.3,12.3,12.9,14.8,48.5,51.5,87.7,27.8,55847.0,97.4,2.5,0.1
DE,2011,26.2,7.4,61379.4,-2.0,10.1,12.6,12.6,14.7,48.5,51.5,87.0,28.8,,97.3,2.5,0.1
DE,2012,22.4,7.0,62342.1,-2.0,10.2,12.4,12.2,14.6,48.5,51.5,88.5,29.5,,97.4,2.4,0.2
DE,2013,18.6,6.5,62058.2,-2.0,10.0,12.9,12.1,14.1,,,88.3,29.8,,,,
DE,2014,17.8,5.6,68606.0,-2.0,9.8,13.0,11.9,13.7,,,89.0,30.6,,,,
DE,2015,16.9,4.8,72352.5,-2.0,9.4,13.1,11.7,13.7,,,88.9,30.9,,,,
DE,2016,16.1,4.5,70021.5,-2.0,9.0,13.5,11.6,13.2,,,89.3,31.0,,,,
DE,2017,15.6,4.4,69555.6,-2.0,8.7,13.6,11.5,12.9,,,90.6,31.5,,,,
DE,2018,16.4,3.7,73376.0,-2.0,,,,,,,,,,,,
DE,2019,17.1,3.6,78710.5,-2.0,,,,,,,,,,,,
DC,2010,24.9,9.8,106128.6,,14.3,20.9,13.5,12.5,47.3,52.7,87.4,50.1,60903.0,98.0,1.7,0.2
DC,2011,20.3,10.1,109953.9,,13.6,21.6,13.4,12.2,47.3,52.7,87.2,52.5,,97.9,1.7,0.3
DC,2012,20.8,8.9,112512.7,,13.2,22.0,13.5,12.0,47.3,52.7,88.6,53.0,,97.5,2.3,0.2
DC,2013,21.3,8.4,114832.7,,12.7,22.4,13.9,11.8,,,90.1,55.1,,,,
DC,2014,21.3,7.7,119998.0,,12.2,22.8,14.1,11.7,,,90.2,55.0,,,,
DC,2015,18.3,6.9,124753.6,,12.1,22.7,14.3,11.5,,,89.8,56.7,,,,
DC,2016,15.5,6.2,129933.5,,11.8,22.7,14.5,11.4,,,90.5,56.8,,,,
DC,2017,21.0,6.1,134298.8,,10.8,23.4,14.7,11.0,,,90.2,57.3,,,,
DC,2018,24.4,5.7,141240.2,,,,,,,,,,,,,
DC,2019,26.3,5.5,145071.4,,,,,,,,,,,,,
FL,2010,23.0,11.3,752998.4,-1.0,9.4,12.1,12.9,14.5,48.9,51.1,85.5,25.8,44409.0,97.8,2.0,0.1
FL,2011,22.3,10.2,761043.1,-1.0,9.4,12.2,12.6,14.4,48.9,51.1,85.9,25.8,,97.8,2.1,0.1
FL,2012,21.2,8.7,784545.9,-1.0,9.4,12.3,12.5,14.2,48.9,51.1,86.5,26.8,,97.6,2.2,0.2
FL,2013,20.2,7.5,819679.8,-1.0,9.2,12.5,12.3,13.9,,,86.8,27.2,,,,
FL,2014,19.7,6.5,860112.6,-1.0,9.0,12.6,12.2,13.7,,,87.2,27.3,,,,
FL,2015,18.6,5.5,918464.3,-1.0,8.8,12.8,12.2,13.5,,,87.6,28.4,,,,
FL,2016,17.5,4.9,964500.8,-1.0,8.6,12.9,12.0,13.4,,,87.4,28.6,,,,
FL,2017,17.9,4.3,1014866.9,-1.0,8.4,12.9,12.1,13.2,,,88.4,29.7,,,,
FL,2018,18.0,3.6,1072085.6,-1.0,,,,,,,,,,,,
FL,2019,18.1,3.2,1133718.0,-1.0,,,,,,,,,,,,
GA,2010,16.9,10.4,419013.1,-3.0,10.1,13.6,14.5,14.3,48.8,51.2,84.3,27.3,46430.0,98.2,1.7,0.1
GA,2011,16.6,10.0,433137.1,-3.0,10.4,13.5,14.3,14.2,49.0,51.0,84.3,27.6,,98.1,1.8,0.1
GA,2012,16.1,9.0,449375.6,-3.0,10.3,13.6,14.0,14.0,48.9,51.1,85.0,28.2,,98.0,1.9,0.1
GA,2013,15.6,8.1,467559.5,-3.0,10.3,13.5,13.9,13.9,,,85.5,28.3,,,,
GA,2014,14.8,7.1,493370.3,-3.0,10.2,13.6,13.7,13.8,,,85.6,29.1,,,,
GA,2015,15.0,6.1,525516.8,-3.0,10.1,13.5,13.6,13.7,,,86.1,29.9,,,,
GA,2016,15.2,5.4,554903.2,-3.0,9.8,13.6,13.4,13.6,,,86.4,30.5,,,,
GA,2017,15.2,4.8,583543.3,-3.0,9.8,13.6,13.3,13.6,,,87.0,30.9,,,,
GA,2018,15.4,4.0,612803.4,-3.0,,,,,,,,,,,,
GA,2019,15.8,3.6,646695.8,-3.0,,,,,,,,,,,,
HI,2010,21.0,6.7,66739.3,2.0,9.8,13.3,12.9,14.3,50.2,49.8,89.9,29.5,63030.0,76.2,15.2,7.4
HI,2011,20.9,6.7,68801.1,2.0,9.5,14.0,12.8,13.7,50.1,49.9,90.6,29.1,,75.9,15.2,8.1
HI,2012,18.4,5.8,71645.6,2.0,9.9,14.3,12.6,13.3,50.4,49.6,90.4,30.1,,76.7,14.7,7.8
HI,2013,15.9,4.7,74598.5,2.0,9.8,14.5,12.6,12.8,,,91.0,31.2,,,,
HI,2014,14.0,4.2,77043.0,2.0,9.6,14.9,12.4,12.6,,,91.7,31.0,,,,
HI,2015,12.6,3.4,81410.2,2.0,9.4,15.1,12.4,12.2,,,90.9,31.4,,,,
HI,2016,11.7,2.9,84287.2,2.0,9.1,14.4,12.6,12.4,,,92.0,31.9,,,,
HI,2017,12.1,2.2,87436.4,2.0,8.7,14.4,12.7,12.2,,,92.3,32.9,,,,
HI,2018,12.0,2.4,90933.5,2.0,,,,,,,,,,,,
HI,2019,12.0,2.5,93240.2,2.0,,,,,,,,,,,,
ID,2010,7.9,9.1,56086.2,-2.0,9.8,13.3,12.3,13.2,50.1,49.9,88.3,24.4,43490.0,97.7,2.1,0.2
ID,2011,7.6,8.4,57418.2,-2.0,10.0,13.0,12.3,12.9,50.2,49.8,88.6,25.2,,97.5,2.3,0.1
ID,2012,6.8,7.5,57933.7,-2.0,9.9,13.2,12.3,12.7,50.1,49.9,89.8,25.5,,97.5,2.3,0.2
ID,2013,5.9,6.9,61712.6,-2.0,9.8,12.9,12.1,12.7,,,89.4,26.2,,,,
ID,2014,5.7,4.4,64501.7,-2.0,9.7,12.9,12.4,12.0,,,90.1,25.0,,,,
ID,2015,5.6,3.9,66064.9,-2.0,9.5,13.1,12.4,12.0,,,90.0,26.0,,,,
ID,2016,5.5,3.7,69185.2,-2.0,9.5,13.1,12.2,11.8,,,90.4,27.6,,,,
ID,2017,5.4,3.2,72935.1,-2.0,9.4,12.9,12.6,11.6,,,90.8,26.8,,,,
ID,2018,5.5,2.9,79072.4,-2.0,,,,,,,,,,,,
ID,2019,5.7,2.9,84429.4,-2.0,,,,,,,,,,,,
IL,2010,16.1,10.4,663929.0,0.0,9.7,13.8,13.5,14.5,49.0,51.0,86.9,30.8,52972.0,98.1,1.8,0.1
IL,2011,16.1,9.8,691805.5,0.0,9.7,13.8,13.3,14.4,49.0,51.0,87.2,31.0,,98.0,1.9,0.1
IL,2012,16.1,9.0,725478.0,0.0,9.7,13.8,13.2,14.2,49.1,50.9,87.6,31.6,,97.8,2.1,0.1
IL,2013,15.9,9.1,742890.9,0.0,9.8,13.8,13.1,13.9,,,87.8,32.1,,,,
IL,2014,15.5,7.2,772291.7,0.0,9.8,13.8,13.1,13.7,,,88.2,32.8,,,,
IL,2015,15.1,6.0,802592.0,0.0,9.6,13.8,13.0,13.6,,,88.6,32.9,,,,
IL,2016,14.7,5.9,813561.6,0.0,9.5,13.8,12.9,13.4,,,88.8,34.0,,,,
IL,2017,14.6,5.0,832826.8,0.0,9.4,13.8,12.9,13.1,,,89.1,34.4,,,,
IL,2018,16.2,4.4,871024.2,0.0,,,,,,,,,,,,
IL,2019,17.8,4.0,895601.8,0.0,,,,,,,,,,,,
IN,2010,9.0,10.0,284685.8,-3.0,10.1,12.8,12.9,14.6,49.3,50.7,87.0,22.7,44613.0,98.0,1.9,0.1
IN,2011,8.3,8.9,292373.8,-3.0,10.2,12.7,12.8,14.3,49.2,50.8,87.3,23.0,,97.8,2.1,0.1
IN,2012,7.9,8.2,301277.4,-3.0,10.2,12.7,12.6,14.1,49.2,50.8,87.6,23.4,,97.8,2.1,0.1
IN,2013,7.7,7.5,313466.9,-3.0,10.2,12.8,12.6,13.7,,,87.6,23.8,,,,
IN,2014,7.8,5.9,329360.9,-3.0,10.2,12.8,12.6,13.5,,,88.4,24.7,,,,
IN,2015,7.9,4.8,333163.8,-3.0,10.2,12.7,12.4,13.3,,,88.2,24.9,,,,
IN,2016,7.9,4.4,342716.6,-3.0,10.0,12.9,12.3,13.0,,,88.4,25.6,,,,
IN,2017,8.2,3.5,357535.8,-3.0,9.9,13.0,12.3,12.8,,,88.6,26.8,,,,
IN,2018,8.0,3.4,377376.9,-3.0,,,,,,,,,,,,
IN,2019,7.9,3.3,384838.7,-3.0,,,,,,,,,,,,
IA,2010,10.1,6.1,142497.7,-3.0,10.0,12.6,12.0,14.4,49.4,50.6,90.6,24.9,47961.0,98.2,1.7,0.1
IA,2011,9.4,5.6,149026.1,-3.0,10.2,12.6,11.8,14.1,49.4,50.6,90.6,25.8,,98.0,1.9,0.1
IA,2012,8.3,5.0,158553.1,-3.0,10.2,12.7,11.7,13.8,49.6,50.4,91.6,26.3,,98.0,1.8,0.1
IA,2013,7.1,4.7,162415.0,-3.0,10.3,12.6,11.8,13.4,,,91.6,26.4,,,,
IA,2014,6.7,4.3,173734.2,-3.0,10.3,12.6,11.8,13.2,,,92.1,27.7,,,,
IA,2015,6.8,3.7,181471.7,-3.0,10.3,12.6,11.8,12.8,,,91.7,26.8,,,,
IA,2016,6.9,3.6,183834.8,-3.0,10.2,12.6,11.8,12.5,,,91.8,28.4,,,,
IA,2017,6.2,3.1,187125.0,-3.0,10.2,12.5,11.9,12.2,,,92.1,28.9,,,,
IA,2018,6.0,2.6,193155.1,-3.0,,,,,,,,,,,,
IA,2019,5.8,2.7,196262.5,-3.0,,,,,,,,,,,,
KS,2010,7.2,7.0,129235.7,-1.0,10.2,13.0,12.2,14.3,49.6,50.4,89.2,29.8,48257.0,96.9,2.9,0.3
KS,2011,7.0,6.4,136747.1,-1.0,10.3,13.0,12.2,13.9,49.6,50.4,90.0,30.1,,96.6,3.1,0.2
KS,2012,7.0,5.7,141812.1,-1.0,10.4,13.3,12.0,13.5,49.7,50.3,90.2,30.4,,96.8,2.9,0.2
KS,2013,7.0,5.3,144999.3,-1.0,10.4,13.4,12.0,12.9,,,90.1,31.1,,,,
KS,2014,6.8,4.5,150276.1,-1.0,10.3,13.3,12.1,12.6,,,90.3,31.5,,,,
KS,2015,6.5,4.2,155699.0,-1.0,10.4,13.2,11.9,12.4,,,90.3,31.7,,,,
KS,2016,6.3,4.0,162144.5,-1.0,10.3,13.0,12.2,12.1,,,90.5,32.8,,,,
KS,2017,6.3,3.6,166273.6,-1.0,10.2,13.2,12.2,11.8,,,91.0,33.7,,,,
KS,2018,6.3,3.3,173373.0,-1.0,,,,,,,,,,,,
KS,2019,6.4,3.2,176068.8,-1.0,,,,,,,,,,,,
KY,2010,7.0,10.3,166656.3,-3.0,9.7,13.0,13.3,14.7,49.2,50.8,81.9,20.5,40062.0,98.4,1.5,0.1
KY,2011,6.8,9.4,171238.1,-3.0,9.7,12.9,13.0,14.6,49.1,50.9,83.1,21.1,,98.2,1.7,0.1
KY,2012,6.4,8.2,178370.6,-3.0,9.7,12.8,13.0,14.3,49.2,50.8,83.8,21.8,,98.0,1.9,0.1
KY,2013,6.1,7.9,184920.6,-3.0,9.7,12.8,12.9,14.0,,,84.1,22.6,,,,
KY,2014,6.1,6.4,188326.4,-3.0,9.8,12.8,12.7,13.9,,,84.5,22.2,,,,
KY,2015,5.8,5.3,194621.2,-3.0,9.6,12.7,12.7,13.6,,,85.1,23.3,,,,
KY,2016,5.5,5.1,197944.8,-3.0,9.7,12.7,12.5,13.5,,,85.7,23.4,,,,
KY,2017,5.6,4.8,203564.0,-3.0,9.4,12.9,12.5,13.1,,,86.3,24.0,,,,
KY,2018,5.6,4.2,210509.1,-3.0,,,,,,,,,,,,
KY,2019,5.6,4.1,220678.8,-3.0,,,,,,,,,,,,
LA,2010,12.6,7.4,226555.6,-3.0,10.6,13.7,12.6,14.3,49.0,51.0,81.9,21.4,42505.0,98.5,1.4,0.1
LA,2011,12.1,7.3,230518.7,-3.0,10.6,13.8,12.5,14.0,48.9,51.1,82.5,21.1,,98.3,1.5,0.2
LA,2012,11.2,6.7,235960.9,-3.0,10.3,14.0,12.3,13.8,48.9,51.1,83.0,22.0,,98.3,1.5,0.1
LA,2013,10.3,6.4,231652.7,-3.0,10.3,14.2,12.2,13.4,,,83.1,22.5,,,,
LA,2014,10.2,6.2,240965.0,-3.0,10.2,14.2,12.4,13.0,,,83.6,22.9,,,,
LA,2015,10.5,6.3,234324.2,-3.0,9.8,14.4,12.4,12.8,,,84.6,23.2,,,,
LA,2016,10.7,6.0,227440.3,-3.0,9.6,14.3,12.5,12.5,,,84.4,23.4,,,,
LA,2017,10.0,5.1,239830.7,-3.0,9.7,14.0,12.6,12.3,,,85.1,23.8,,,,
LA,2018,9.2,4.8,256444.4,-3.0,,,,,,,,,,,,
LA,2019,8.5,4.6,257499.0,-3.0,,,,,,,,,,,,
ME,2010,10.9,8.4,52802.5,1.0,8.8,10.9,12.9,16.3,48.9,51.1,90.3,26.8,45815.0,98.2,1.7,0.1
ME,2011,10.1,7.8,53104.5,1.0,8.7,10.9,12.6,16.2,49.0,51.0,90.9,28.4,,98.1,1.8,0.1
ME,2012,10.1,7.2,54018.5,1.0,8.7,11.1,12.2,15.8,49.0,51.0,91.6,28.0,,98.0,1.9,0.1
ME,2013,10.1,6.7,54924.8,1.0,8.6,11.3,11.9,15.4,,,91.8,28.2,,,,
ME,2014,10.2,5.6,56537.4,1.0,8.5,11.4,11.7,15.2,,,91.7,29.4,,,,
ME,2015,9.6,4.4,58755.8,1.0,8.4,11.4,11.5,14.8,,,91.7,30.1,,,,
ME,2016,9.0,3.8,61092.2,1.0,8.3,11.8,11.4,14.4,,,92.3,30.1,,,,
ME,2017,8.9,3.4,63000.6,1.0,8.2,11.9,11.3,13.8,,,92.3,32.1,,,,
ME,2018,8.9,3.2,66216.0,1.0,,,,,,,,,,,,
ME,2019,8.9,2.9,69708.7,1.0,,,,,,,,,,,,
MD,2010,25.9,7.8,313930.5,2.0,9.7,13.3,13.7,15.6,48.4,51.6,88.1,36.1,68854.0,97.2,2.5,0.2
MD,2011,26.9,7.3,324920.9,2.0,9.7,13.4,13.4,15.4,48.4,51.6,88.9,36.9,,97.4,2.4,0.2
MD,2012,24.7,6.9,331869.0,2.0,9.7,13.6,13.2,15.2,48.4,51.6,89.1,36.9,,96.9,2.9,0.2
MD,2013,22.6,6.6,339895.8,2.0,9.5,13.8,13.0,15.0,,,89.1,37.4,,,,
MD,2014,22.1,5.7,351743.1,2.0,9.4,13.8,12.9,14.7,,,89.6,38.2,,,,
MD,2015,21.8,5.0,367314.1,2.0,9.3,13.9,12.8,14.5,,,89.6,38.8,,,,
MD,2016,21.7,4.2,386496.4,2.0,9.1,13.8,12.7,14.2,,,90.1,39.3,,,,
MD,2017,22.7,4.1,399714.5,2.0,8.9,13.8,12.8,14.0,,,89.9,39.7,,,,
MD,2018,23.5,3.8,410771.8,2.0,,,,,,,,,,,,
MD,2019,24.2,3.4,419391.6,2.0,,,,,,,,,,,,
MA,2010,18.3,8.1,409270.0,1.0,10.4,12.9,13.5,15.4,48.3,51.7,89.1,39.0,62072.0,97.2,2.6,0.1
MA,2011,18.0,7.2,423684.9,1.0,10.3,13.1,13.2,15.4,48.4,51.6,89.2,39.1,,97.4,2.4,0.1
MA,2012,16.8,6.7,441373.9,1.0,10.4,13.3,12.9,15.1,48.4,51.6,89.7,39.3,,97.2,2.6,0.2
MA,2013,15.5,6.7,452580.4,1.0,10.4,13.6,12.6,14.9,,,89.9,40.3,,,,
MA,2014,15.5,5.7,469824.9,1.0,10.4,13.8,12.4,14.6,,,89.7,41.2,,,,
MA,2015,14.8,4.8,497767.0,1.0,10.3,13.9,12.3,14.4,,,90.2,41.5,,,,
MA,2016,14.1,4.0,514108.0,1.0,10.4,14.0,12.1,14.1,,,90.4,42.7,,,,
MA,2017,13.6,3.8,530129.4,1.0,10.2,14.2,12.2,13.7,,,90.8,43.4,,,,
MA,2018,13.7,3.5,559605.0,1.0,,,,,,,,,,,,
MA,2019,13.7,3.0,588069.5,1.0,,,,,,,,,,,,
MI,2010,16.1,12.8,393179.6,-3.0,9.8,11.8,12.9,15.3,49.1,50.9,88.7,25.2,45413.0,97.6,2.3,0.2
MI,2011,15.4,10.1,408354.1,-3.0,10.1,11.8,12.6,15.0,49.1,50.9,88.8,25.6,,97.4,2.4,0.2
MI,2012,15.1,9.1,426141.1,-3.0,10.1,11.9,12.4,14.7,49.1,50.9,89.2,26.0,,97.4,2.4,0.2
MI,2013,15.0,8.8,441470.8,-3.0,10.2,11.9,12.2,14.3,,,89.4,26.9,,,,
MI,2014,14.9,7.2,456123.5,-3.0,10.1,12.1,12.0,14.1,,,89.9,27.4,,,,
MI,2015,14.5,5.4,479222.7,-3.0,9.9,12.3,11.8,13.9,,,90.1,27.8,,,,
MI,2016,14.1,5.0,494752.5,-3.0,9.8,12.6,11.7,13.6,,,90.4,28.3,,,,
MI,2017,13.9,4.6,505101.5,-3.0,9.7,12.7,11.6,13.3,,,90.9,29.1,,,,
MI,2018,14.3,4.2,525240.8,-3.0,,,,,,,,,,,,
MI,2019,14.9,4.1,540237.3,-3.0,,,,,,,,,,,,
MN,2010,10.6,7.4,274649.2,2.0,9.4,13.5,12.8,15.2,49.6,50.4,91.8,31.8,55459.0,97.6,2.2,0.2
MN,2011,10.2,6.6,287070.8,2.0,9.5,13.6,12.5,15.0,49.7,50.3,92.0,32.4,,97.5,2.3,0.2
MN,2012,9.7,5.7,298641.4,2.0,9.3,13.7,12.5,14.6,49.6,50.4,92.5,33.2,,97.5,2.4,0.1
MN,2013,9.1,5.0,311752.1,2.0,9.4,13.6,12.3,14.2,,,92.4,33.5,,,,
MN,2014,8.8,4.2,324701.5,2.0,9.2,13.8,12.3,13.9,,,92.6,34.3,,,,
MN,2015,8.9,3.8,336762.0,2.0,9.2,13.6,12.3,13.6,,,92.8,34.7,,,,
MN,2016,9.1,3.9,345248.8,2.0,9.2,13.5,12.3,13.2,,,92.9,34.8,,,,
MN,2017,9.5,3.4,354721.9,2.0,9.0,13.6,12.6,12.7,,,93.1,36.1,,,,
MN,2018,9.7,3.0,372439.2,2.0,,,,,,,,,,,,
MN,2019,9.7,3.3,384850.2,2.0,,,,,,,,,,,,
MS,2010,11.7,10.1,94788.3,-4.0,10.5,12.7,13.0,13.9,48.5,51.5,81.0,19.5,36851.0,98.9,1.0,0.0
MS,2011,11.1,9.8,96799.1,-4.0,10.5,12.7,12.8,13.6,48.6,51.4,81.1,19.8,,98.8,1.1,0.1
MS,2012,10.4,8.8,100905.4,-4.0,10.9,12.5,12.6,13.3,48.3,51.7,82.3,20.7,,98.9,1.0,0.1
MS,2013,9.7,8.5,103042.6,-4.0,10.8,12.6,12.7,13.0,,,82.4,20.4,,,,
MS,2014,9.2,7.6,105219.5,-4.0,10.4,12.8,12.9,12.7,,,82.8,21.1,,,,
MS,2015,8.8,6.5,106623.9,-4.0,10.4,12.5,12.9,12.6,,,83.5,20.8,,,,
MS,2016,8.6,6.0,107795.4,-4.0,10.3,12.7,12.5,12.6,,,84.1,21.8,,,,
MS,2017,8.3,5.2,110281.4,-4.0,10.4,12.2,12.7,12.4,,,84.4,21.9,,,,
MS,2018,8.5,4.9,113166.4,-4.0,,,,,,,,,,,,
MS,2019,8.6,5.5,116135.7,-4.0,,,,,,,,,,,,
MO,2010,10.1,9.4,262013.4,-3.0,9.9,12.9,12.5,14.9,48.9,51.1,86.9,25.6,44301.0,97.8,2.1,0.1
MO,2011,9.8,8.6,263330.0,-3.0,9.8,13.1,12.3,14.5,49.0,51.0,87.6,26.1,,97.6,2.3,0.1
MO,2012,9.4,7.1,272482.4,-3.0,9.9,13.1,12.1,14.2,49.0,51.0,88.0,26.4,,97.6,2.2,0.1
MO,2013,9.0,6.8,282659.7,-3.0,9.9,13.2,12.0,13.9,,,88.7,27.0,,,,
MO,2014,7.8,6.2,289340.7,-3.0,9.8,13.1,12.1,13.6,,,88.9,27.5,,,,
MO,2015,8.2,5.1,299597.7,-3.0,9.8,13.1,12.1,13.3,,,88.9,27.8,,,,
MO,2016,8.6,4.6,304143.3,-3.0,9.6,13.1,12.1,13.0,,,89.6,28.5,,,,
MO,2017,8.4,3.8,311273.8,-3.0,9.4,13.3,11.9,12.7,,,89.7,29.1,,,,
MO,2018,8.5,3.2,320451.6,-3.0,,,,,,,,,,,,
MO,2019,8.6,3.2,334750.2,-3.0,,,,,,,,,,,,
MT,2010,11.0,7.2,38080.3,3.0,9.6,12.2,11.5,15.1,50.4,49.6,91.7,28.8,42666.0,97.6,2.2,0.2
MT,2011,11.0,6.6,40592.3,3.0,9.9,12.5,11.1,14.5,50.1,49.9,92.3,28.2,,97.6,2.2,0.2
MT,2012,10.0,5.8,42150.2,3.0,9.8,12.3,11.4,14.1,50.1,49.9,92.8,29.4,,97.4,2.4,0.1
MT,2013,9.0,5.3,43584.0,3.0,10.0,12.5,11.3,13.2,,,92.7,29.0,,,,
MT,2014,8.2,4.6,45203.8,3.0,10.1,12.5,11.2,12.8,,,92.6,29.3,,,,
MT,2015,8.2,4.3,46542.4,3.0,9.7,12.5,11.5,12.5,,,93.5,30.6,,,,
MT,2016,8.1,4.3,45859.4,3.0,9.7,12.2,11.5,12.3,,,92.8,31.0,,,,
MT,2017,7.9,4.1,48470.5,3.0,9.2,12.6,11.9,11.7,,,93.0,32.3,,,,
MT,2018,7.7,3.7,51152.1,3.0,,,,,,,,,,,,
MT,2019,7.5,3.5,52715.6,3.0,,,,,,,,,,,,
NE,2010,6.8,4.7,91940.7,-2.0,10.1,13.2,12.2,14.1,49.5,50.5,90.4,28.6,48408.0,97.8,1.9,0.3
NE,2011,7.1,4.4,100526.5,-2.0,10.1,13.3,12.0,13.9,49.5,50.5,91.0,27.9,,97.8,2.1,0.1
NE,2012,7.0,3.9,102949.7,-2.0,10.0,13.4,12.0,13.5,49.7,50.3,90.5,29.0,,97.9,1.9,0.1
NE,2013,6.8,3.7,107247.0,-2.0,10.1,13.4,12.0,13.1,,,90.2,29.4,,,,
NE,2014,6.5,3.2,112763.3,-2.0,10.0,13.5,12.1,12.6,,,90.3,29.5,,,,
NE,2015,6.2,3.0,117402.3,-2.0,10.2,13.3,12.3,12.2,,,91.0,30.2,,,,
NE,2016,5.9,3.1,119389.8,-2.0,9.9,13.4,12.2,12.0,,,90.9,31.4,,,,
NE,2017,6.1,3.0,123219.9,-2.0,9.7,13.5,12.3,11.7,,,91.3,31.7,,,,
NE,2018,5.8,2.9,127954.4,-2.0,,,,,,,,,,,,
NE,2019,5.5,3.1,132848.2,-2.0,,,,,,,,,,,,
NV,2010,22.9,13.3,125149.0,0.0,9.3,14.3,14.2,13.8,50.5,49.5,84.7,21.7,51001.0,96.1,3.4,0.5
NV,2011,21.8,13.0,128638.4,0.0,9.2,14.2,14.0,13.8,50.4,49.6,84.0,22.5,,96.1,3.6,0.2
NV,2012,19.5,11.5,130238.2,0.0,9.2,14.3,13.8,13.6,50.4,49.6,84.9,22.4,,95.9,3.8,0.4
NV,2013,17.2,10.0,133592.5,0.0,9.2,14.3,13.6,13.6,,,85.2,22.5,,,,
NV,2014,19.3,8.2,136918.4,0.0,9.1,14.3,13.5,13.5,,,85.1,23.1,,,,
NV,2015,17.9,6.9,145786.8,0.0,8.8,14.2,13.4,13.5,,,85.6,23.6,,,,
NV,2016,16.5,5.8,153318.0,0.0,8.6,14.4,13.3,13.3,,,86.0,23.5,,,,
NV,2017,16.6,5.0,163199.1,0.0,8.4,14.5,13.3,13.2,,,86.8,24.9,,,,
NV,2018,16.7,4.4,172547.9,0.0,,,,,,,,,,,,
NV,2019,16.7,4.1,184611.1,0.0,,,,,,,,,,,,
NH,2010,11.4,6.1,65310.8,0.0,9.4,10.9,13.6,17.1,49.2,50.8,91.5,32.8,61042.0,98.4,1.5,0.1
NH,2011,11.6,5.5,66557.3,0.0,9.4,11.1,13.2,16.9,49.4,50.6,91.4,33.4,,98.3,1.6,0.1
NH,2012,10.6,5.5,68412.0,0.0,9.5,11.2,12.8,16.6,49.1,50.9,91.8,34.6,,98.2,1.6,0.2
NH,2013,9.6,5.2,70897.4,0.0,9.7,11.3,12.3,16.3,,,92.8,34.6,,,,
NH,2014,10.3,4.3,73455.1,0.0,9.7,11.7,12.0,15.8,,,92.2,35.0,,,,
NH,2015,10.2,3.4,77385.8,0.0,9.8,11.7,11.8,15.4,,,93.1,35.7,,,,
NH,2016,9.9,2.9,79759.7,0.0,9.5,12.0,11.4,15.2,,,92.8,36.6,,,,
NH,2017,9.6,2.8,81179.6,0.0,9.4,12.2,11.3,14.6,,,93.1,36.9,,,,
NH,2018,9.6,2.6,83859.4,0.0,,,,,,,,,,,,
NH,2019,9.6,2.6,87868.2,0.0,,,,,,,,,,,,
NJ,2010,28.3,9.7,491229.0,2.0,8.7,12.6,14.1,15.7,48.7,51.3,88.0,35.4,67681.0,97.4,2.4,0.2
NJ,2011,27.0,9.4,494292.8,2.0,8.8,12.7,13.8,15.6,48.7,51.3,88.1,35.3,,97.5,2.3,0.2
NJ,2012,26.0,9.4,516098.2,2.0,8.9,12.7,13.5,15.4,48.7,51.3,88.3,36.2,,97.5,2.3,0.2
NJ,2013,25.4,8.4,534212.1,2.0,8.9,12.8,13.3,15.2,,,88.5,36.6,,,,
NJ,2014,25.9,6.7,543824.1,2.0,8.9,12.8,13.2,15.0,,,89.1,37.4,,,,
NJ,2015,27.0,5.7,565807.7,2.0,8.8,12.9,13.0,14.8,,,89.1,37.6,,,,
NJ,2016,28.2,4.9,578651.4,2.0,8.8,12.9,12.9,14.5,,,89.3,38.6,,,,
NJ,2017,28.0,4.5,590086.7,2.0,8.8,12.9,12.9,14.2,,,89.9,39.7,,,,
NJ,2018,28.3,4.0,619340.2,2.0,,,,,,,,,,,,
NJ,2019,28.6,3.5,643317.7,2.0,,,,,,,,,,,,
NM,2010,15.3,7.8,84862.6,3.0,10.0,12.8,12.2,14.1,49.4,50.6,83.3,25.0,42090.0,97.1,2.7,0.2
NM,2011,13.8,7.2,87056.0,3.0,10.1,13.2,11.8,13.7,49.8,50.2,83.2,25.6,,96.9,2.9,0.2
NM,2012,12.1,6.9,87681.0,3.0,10.0,13.2,11.9,13.3,49.6,50.4,84.4,26.1,,96.8,3.0,0.1
NM,2013,10.4,6.9,88773.3,3.0,10.3,13.0,11.9,12.9,,,84.3,26.4,,,,
NM,2014,10.1,6.6,92523.4,3.0,10.1,13.2,11.8,12.7,,,84.2,26.4,,,,
NM,2015,10.3,6.6,90779.4,3.0,10.0,13.1,11.8,12.3,,,84.6,26.5,,,,
NM,2016,10.6,6.8,90476.0,3.0,9.6,13.3,12.0,12.0,,,85.4,27.2,,,,
NM,2017,9.7,6.1,93210.1,3.0,9.9,13.1,12.0,11.5,,,86.1,27.1,,,,
NM,2018,9.5,4.9,98838.2,3.0,,,,,,,,,,,,
NM,2019,9.4,5.0,103821.0,3.0,,,,,,,,,,,,
NY,2010,34.5,8.7,1217748.0,1.0,10.3,13.7,13.5,14.8,48.4,51.6,84.9,32.5,54148.0,97.4,2.5,0.2
NY,2011,33.7,8.4,1245769.4,1.0,10.2,13.9,13.2,14.7,48.5,51.5,85.0,32.9,,97.3,2.5,0.2
NY,2012,31.4,8.6,1324471.3,1.0,10.2,14.1,13.0,14.5,48.5,51.5,85.3,33.4,,97.3,2.5,0.2
NY,2013,29.0,7.8,1364632.9,1.0,10.1,14.2,12.8,14.3,,,85.6,34.1,,,,
NY,2014,29.3,6.3,1434606.3,1.0,10.0,14.4,12.7,14.1,,,85.7,34.5,,,,
NY,2015,28.5,5.2,1498474.7,1.0,9.8,14.5,12.6,13.9,,,86.0,35.0,,,,
NY,2016,27.4,4.9,1556830.0,1.0,9.7,14.6,12.5,13.7,,,86.3,35.7,,,,
NY,2017,26.3,4.6,1624800.7,1.0,9.4,14.7,12.5,13.4,,,86.6,36.0,,,,
NY,2018,27.9,4.1,1710665.6,1.0,,,,,,,,,,,,
NY,2019,29.5,3.9,1787470.9,1.0,,,,,,,,,,,,
NC,2010,14.2,10.8,422282.2,-2.0,10.0,13.0,14.0,14.2,48.7,51.3,84.7,26.5,43326.0,97.7,2.1,0.2
NC,2011,12.8,10.4,430040.1,-2.0,10.0,12.9,13.7,14.2,48.5,51.5,84.7,26.9,,97.9,1.9,0.2
NC,2012,13.2,9.6,444063.2,-2.0,10.0,12.8,13.6,14.0,48.7,51.3,85.2,27.4,,97.7,2.1,0.2
NC,2013,13.6,7.8,460946.4,-2.0,10.1,12.9,13.4,13.7,,,85.7,28.4,,,,
NC,2014,13.3,6.1,482295.7,-2.0,10.0,12.9,13.3,13.7,,,86.4,28.7,,,,
NC,2015,12.5,5.7,508672.4,-2.0,9.9,12.9,13.1,13.6,,,86.6,29.4,,,,
NC,2016,11.6,5.1,528284.3,-2.0,9.6,13.0,12.9,13.7,,,87.3,30.4,,,,
NC,2017,12.4,4.5,546810.1,-2.0,9.5,13.2,12.7,13.5,,,87.8,31.3,,,,
NC,2018,12.2,4.0,568037.3,-2.0,,,,,,,,,,,,
NC,2019,12.0,3.9,592449.6,-2.0,,,,,,,,,,,,
ND,2010,7.6,3.7,35651.8,-3.0,12.0,13.2,11.4,14.3,50.9,49.1,90.3,27.6,48670.0,98.0,1.9,0.1
ND,2011,7.1,3.3,41602.1,-3.0,12.4,13.7,11.0,13.8,50.3,49.7,90.7,26.3,,98.1,1.7,0.1
ND,2012,6.8,2.9,52079.1,-3.0,12.5,14.1,11.1,13.2,51.1,48.9,91.7,27.9,,98.0,2.0,0.0
ND,2013,6.4,2.9,54877.0,-3.0,13.1,14.1,11.2,12.6,,,91.5,27.1,,,,
ND,2014,7.1,2.7,61108.3,-3.0,12.6,14.6,11.1,12.3,,,92.2,27.4,,,,
ND,2015,6.7,2.8,56952.2,-3.0,12.4,15.1,11.4,11.7,,,92.5,29.1,,,,
ND,2016,6.6,3.0,52666.3,-3.0,11.7,15.3,11.4,11.5,,,92.4,29.6,,,,
ND,2017,6.6,2.6,56530.2,-3.0,11.4,15.1,11.8,10.9,,,92.9,30.7,,,,
ND,2018,6.5,2.4,60377.1,-3.0,,,,,,,,,,,,
ND,2019,6.4,2.2,60892.5,-3.0,,,,,,,,,,,,
OH,2010,13.0,10.0,500274.2,-4.0,9.5,12.3,12.8,15.1,48.8,51.2,88.1,24.6,45090.0,97.9,1.9,0.2
OH,2011,12.6,8.8,525456.4,-4.0,9.6,12.3,12.6,14.8,48.9,51.1,88.3,24.7,,97.7,2.1,0.2
OH,2012,11.8,7.4,543035.4,-4.0,9.6,12.4,12.4,14.5,48.9,51.1,88.8,25.2,,97.7,2.1,0.2
OH,2013,11.0,7.4,566419.9,-4.0,9.7,12.5,12.2,14.1,,,89.0,26.1,,,,
OH,2014,10.5,5.8,597152.3,-4.0,9.5,12.7,12.2,13.8,,,89.4,26.6,,,,
OH,2015,9.9,5.0,615275.5,-4.0,9.4,12.8,12.1,13.6,,,89.7,26.8,,,,
OH,2016,9.4,5.0,627294.7,-4.0,9.3,12.9,11.9,13.3,,,90.0,27.5,,,,
OH,2017,9.4,4.9,652187.5,-4.0,9.2,13.1,11.9,13.0,,,90.3,28.0,,,,
OH,2018,9.4,4.5,672540.1,-4.0,,,,,,,,,,,,
OH,2019,9.5,4.1,702914.8,-4.0,,,,,,,,,,,,
OK,2010,8.8,6.5,155267.5,-2.0,10.1,13.5,12.4,14.0,49.3,50.7,86.2,22.9,42072.0,92.1,7.6,0.3
OK,2011,7.9,5.6,167207.9,-2.0,10.2,13.5,12.3,13.6,49.5,50.5,86.3,23.8,,92.0,7.6,0.3
OK,2012,7.8,5.1,175361.2,-2.0,10.3,13.5,12.3,13.3,49.5,50.5,86.7,23.8,,92.3,7.4,0.3
OK,2013,7.6,5.1,184104.6,-2.0,10.3,13.6,12.3,12.8,,,86.7,23.8,,,,
OK,2014,6.8,4.3,197074.1,-2.0,10.2,13.6,12.3,12.6,,,87.3,24.2,,,,
OK,2015,6.2,4.3,187364.7,-2.0,10.0,13.7,12.3,12.3,,,87.3,24.6,,,,
OK,2016,5.9,4.6,182238.8,-2.0,9.9,13.7,12.2,12.3,,,87.8,25.2,,,,
OK,2017,6.2,4.0,192538.6,-2.0,9.7,13.7,12.4,11.9,,,88.1,25.5,,,,
OK,2018,8.5,3.3,204193.9,-2.0,,,,,,,,,,,,
OK,2019,10.8,3.1,205992.7,-2.0,,,,,,,,,,,,
OR,2010,13.6,10.6,163150.5,2.0,9.3,13.7,13.0,14.1,49.5,50.5,88.8,28.8,46560.0,96.4,3.3,0.2
OR,2011,13.2,9.5,169693.8,2.0,9.4,13.7,12.9,13.7,49.4,50.6,89.4,29.3,,96.5,3.2,0.3
OR,2012,12.1,8.7,173856.8,2.0,9.4,13.7,13.0,13.4,49.6,50.4,89.9,29.9,,96.0,3.7,0.3
OR,2013,11.2,7.8,178975.4,2.0,9.3,13.6,13.1,13.0,,,89.7,30.7,,,,
OR,2014,11.3,6.7,187837.6,2.0,9.2,13.6,13.1,12.8,,,89.7,30.8,,,,
OR,2015,11.4,5.5,200592.6,2.0,9.0,13.7,13.1,12.9,,,90.0,32.2,,,,
OR,2016,11.4,4.8,211782.4,2.0,9.0,14.0,13.0,12.6,,,90.3,32.7,,,,
OR,2017,11.0,4.1,225534.5,2.0,8.9,14.0,13.3,12.5,,,91.0,33.7,,,,
OR,2018,10.7,4.0,238466.9,2.0,,,,,,,,,,,,
OR,2019,10.5,3.7,248781.8,2.0,,,,,,,,,,,,
PA,2010,17.3,8.2,604629.6,-3.0,10.0,11.9,12.7,15.2,48.7,51.3,88.4,27.1,49288.0,98.1,1.8,0.1
PA,2011,16.1,7.7,623767.9,-3.0,9.9,12.1,12.4,15.1,48.8,51.2,88.6,27.0,,98.1,1.8,0.1
PA,2012,15.1,7.6,646434.3,-3.0,9.9,12.3,12.2,14.7,48.8,51.2,88.9,27.8,,97.9,1.9,0.1
PA,2013,14.3,7.1,670767.4,-3.0,9.8,12.5,12.0,14.4,,,89.2,28.7,,,,
PA,2014,14.2,6.0,695546.6,-3.0,9.6,12.8,11.9,14.1,,,89.4,29.0,,,,
PA,2015,14.4,5.4,716534.3,-3.0,9.5,12.9,11.7,13.9,,,89.7,29.7,,,,
PA,2016,14.6,5.3,733165.9,-3.0,9.3,13.1,11.6,13.6,,,90.1,30.8,,,,
PA,2017,14.2,5.0,754318.0,-3.0,9.2,13.1,11.6,13.3,,,90.6,31.4,,,,
PA,2018,13.9,4.4,780620.7,-3.0,,,,,,,,,,,,
PA,2019,13.7,4.3,802233.1,-3.0,,,,,,,,,,,,
RI,2010,18.0,11.6,49409.1,-3.0,11.3,12.0,13.1,15.3,48.3,51.7,83.5,30.2,52254.0,97.3,2.5,0.3
RI,2011,17.3,11.1,50123.7,-3.0,11.4,12.3,12.8,15.1,48.4,51.6,84.8,31.1,,97.3,2.5,0.3
RI,2012,16.1,10.3,51527.5,-3.0,11.5,12.3,12.4,15.0,48.3,51.7,86.1,31.4,,97.2,2.5,0.3
RI,2013,14.8,9.5,52994.2,-3.0,11.3,12.8,12.1,14.7,,,85.9,32.4,,,,
RI,2014,15.3,7.8,54612.5,-3.0,11.1,13.1,12.0,14.5,,,85.8,30.4,,,,
RI,2015,15.7,6.0,56604.0,-3.0,10.8,13.5,11.7,14.1,,,87.7,32.7,,,,
RI,2016,16.0,5.2,57714.6,-3.0,10.8,13.5,11.6,13.9,,,88.5,34.1,,,,
RI,2017,15.8,4.5,58771.6,-3.0,10.9,13.8,11.6,13.5,,,88.3,33.5,,,,
RI,2018,15.3,4.0,60064.9,-3.0,,,,,,,,,,,,
RI,2019,14.5,3.5,62814.7,-3.0,,,,,,,,,,,,
SC,2010,13.9,11.1,166767.4,-4.0,10.4,12.7,13.0,14.2,48.6,51.4,84.1,24.5,42018.0,98.2,1.7,0.1
SC,2011,12.5,10.3,172844.7,-4.0,10.4,12.6,12.9,13.9,48.6,51.4,84.2,24.1,,98.2,1.7,0.1
SC,2012,12.3,9.0,178503.9,-4.0,10.4,12.7,12.7,13.7,48.6,51.4,84.9,25.1,,98.0,1.9,0.1
SC,2013,12.1,7.4,186268.3,-4.0,10.4,12.7,12.5,13.6,,,85.6,26.1,,,,
SC,2014,11.6,6.3,195744.4,-4.0,10.1,12.8,12.5,13.4,,,86.1,26.3,,,,
SC,2015,11.5,5.9,207510.0,-4.0,9.9,12.9,12.3,13.3,,,86.3,26.8,,,,
SC,2016,11.4,4.9,217555.5,-4.0,9.5,13.0,12.3,13.0,,,86.6,27.2,,,,
SC,2017,11.8,4.2,224937.6,-4.0,9.5,12.9,12.3,12.8,,,87.4,28.0,,,,
SC,2018,11.7,3.4,236561.7,-4.0,,,,,,,,,,,,
SC,2019,11.5,2.8,249575.7,-4.0,,,,,,,,,,,,
SD,2010,5.5,4.9,38208.2,-3.0,10.0,12.7,11.7,14.4,50.4,49.6,89.6,26.3,45904.0,98.0,1.8,0.1
SD,2011,5.5,4.6,42082.7,-3.0,10.3,12.7,11.7,14.0,49.8,50.2,90.6,26.3,,97.6,2.3,0.1
SD,2012,5.4,4.0,44127.3,-3.0,10.2,13.3,11.3,13.3,50.1,49.9,90.5,26.3,,97.9,2.0,0.1
SD,2013,5.3,3.7,45498.6,-3.0,10.1,13.1,11.5,12.9,,,91.6,26.6,,,,
SD,2014,5.1,3.4,47159.9,-3.0,10.2,13.1,11.4,12.5,,,91.7,27.8,,,,
SD,2015,4.9,3.0,48678.9,-3.0,10.0,13.0,11.5,12.2,,,91.1,27.5,,,,
SD,2016,4.6,3.0,49842.6,-3.0,9.9,12.9,11.4,11.8,,,91.2,28.9,,,,
SD,2017,4.7,3.0,51615.1,-3.0,9.4,13.3,11.5,11.4,,,91.7,28.1,,,,
SD,2018,4.6,2.8,53349.5,-3.0,,,,,,,,,,,,
SD,2019,4.6,2.7,55175.8,-3.0,,,,,,,,,,,,
TN,2010,11.3,9.8,258657.6,-2.0,9.7,12.8,13.5,14.4,48.7,51.3,83.6,23.1,41461.0,98.3,1.6,0.1
TN,2011,10.7,9.0,270055.0,-2.0,9.7,13.0,13.1,14.4,48.7,51.3,84.2,23.6,,98.1,1.8,0.1
TN,2012,10.3,7.9,285897.5,-2.0,9.7,13.1,13.1,14.0,48.7,51.3,85.1,24.3,,98.2,1.7,0.1
TN,2013,9.9,7.7,296756.3,-2.0,9.8,13.0,13.0,13.8,,,85.6,24.8,,,,
TN,2014,9.5,6.5,307448.5,-2.0,9.6,13.0,12.9,13.6,,,85.8,25.3,,,,
TN,2015,9.1,5.5,326382.5,-2.0,9.6,13.1,12.7,13.5,,,86.1,25.7,,,,
TN,2016,8.6,4.7,339350.2,-2.0,9.3,13.3,12.6,13.4,,,87.0,26.1,,,,
TN,2017,8.5,3.7,355417.5,-2.0,9.2,13.5,12.5,13.3,,,87.8,27.3,,,,
TN,2018,8.3,3.5,369713.2,-2.0,,,,,,,,,,,,
TN,2019,8.1,3.3,385833.0,-2.0,,,,,,,,,,,,
TX,2010,14.6,8.3,1255660.8,-3.0,10.3,14.3,13.8,13.6,49.6,50.4,80.7,25.9,48615.0,97.8,2.0,0.1
TX,2011,13.3,8.0,1351776.9,-3.0,10.3,14.3,13.7,13.4,49.6,50.4,81.1,26.4,,97.7,2.2,0.1
TX,2012,12.6,6.7,1429588.0,-3.0,10.3,14.4,13.7,13.2,49.7,50.3,81.4,26.7,,97.6,2.2,0.1
TX,2013,12.0,6.3,1526781.9,-3.0,10.3,14.4,13.6,13.0,,,81.9,27.5,,,,
TX,2014,10.0,5.2,1592177.6,-3.0,10.2,14.5,13.6,12.8,,,82.2,27.8,,,,
TX,2015,9.7,4.5,1585985.9,-3.0,10.1,14.5,13.6,12.7,,,82.4,28.4,,,,
TX,2016,9.4,4.6,1582981.5,-3.0,10.0,14.6,13.5,12.6,,,82.9,28.9,,,,
TX,2017,9.5,4.4,1667313.0,-3.0,9.9,14.6,13.5,12.5,,,83.6,29.6,,,,
TX,2018,9.8,3.9,1808026.9,-3.0,,,,,,,,,,,,
TX,2019,10.0,3.5,1864872.3,-3.0,,,,,,,,,,,,
US,2010,17.7,,,,,,,,,,,,,,,
US,2011,16.9,,,,,,,,,,,,,,,
US,2012,16.1,,,,,,,,,,,,,,,
US,2013,15.2,,,,,,,,,,,,,,,
US,2014,14.6,,,,,,,,,,,,,,,
US,2015,14.2,,,,,,,,,,,,,,,
US,2016,13.7,,,,,,,,,,,,,,,
US,2017,13.5,,,,,,,,,,,,,,,
US,2018,13.8,,,,,,,,,,,,,,,
US,2019,14.2,,,,,,,,,,,,,,,
UT,2010,5.7,8.3,118296.3,-5.0,11.5,16.2,12.0,11.2,50.3,49.7,90.6,29.3,54744.0,97.6,2.2,0.1
UT,2011,5.3,7.2,125137.8,-5.0,11.6,15.7,12.3,10.8,50.3,49.7,90.3,29.7,,97.5,2.3,0.2
UT,2012,5.2,4.8,129431.4,-5.0,11.4,15.6,12.5,10.8,50.3,49.7,91.0,30.7,,97.6,2.2,0.2
UT,2013,5.0,4.2,135344.3,-5.0,11.5,15.2,12.9,10.5,,,91.5,31.3,,,,
UT,2014,4.6,3.6,142627.7,-5.0,11.3,14.8,13.2,10.5,,,91.4,31.1,,,,
UT,2015,4.6,3.5,149762.1,-5.0,11.4,14.7,13.4,10.3,,,91.5,31.8,,,,
UT,2016,4.6,3.3,159330.6,-5.0,11.3,14.7,13.4,10.3,,,91.7,32.6,,,,
UT,2017,4.5,3.1,172075.0,-5.0,11.3,14.6,13.7,10.2,,,92.1,34.6,,,,
UT,2018,4.4,2.9,186805.7,-5.0,,,,,,,,,,,,
UT,2019,4.4,2.5,201312.2,-5.0,,,,,,,,,,,,
VT,2010,13.6,6.2,27478.3,2.0,10.4,11.1,12.4,16.2,49.2,50.8,91.0,33.6,49406.0,98.4,1.6,0.1
VT,2011,13.7,5.4,28558.5,2.0,10.5,11.2,12.4,15.9,49.2,50.8,91.8,35.4,,97.8,2.1,0.1
VT,2012,13.4,4.8,29325.6,2.0,10.7,11.2,11.7,15.6,49.4,50.6,91.7,35.8,,98.0,1.9,0.2
VT,2013,12.8,4.4,29477.6,2.0,10.6,11.2,11.6,15.2,,,91.5,35.7,,,,
VT,2014,11.9,3.9,30359.4,2.0,10.6,11.6,11.5,14.4,,,92.0,34.9,,,,
VT,2015,11.5,3.5,31152.4,2.0,10.7,11.3,11.2,14.4,,,91.7,36.9,,,,
VT,2016,11.0,3.1,31840.2,2.0,10.6,11.5,11.3,13.9,,,92.1,36.4,,,,
VT,2017,9.9,2.9,32589.2,2.0,10.7,11.8,11.1,13.3,,,92.6,38.3,,,,
VT,2018,9.4,2.5,33482.6,2.0,,,,,,,,,,,,
VT,2019,9.1,2.1,34760.3,2.0,,,,,,,,,,,,
VA,2010,18.5,6.8,425490.8,-3.0,10.1,13.5,14.0,15.1,49.1,50.9,86.5,34.2,60674.0,97.3,2.5,0.2
VA,2011,17.6,6.3,433683.7,-3.0,10.2,13.6,13.7,14.9,49.1,50.9,87.8,35.1,,97.0,2.7,0.3
VA,2012,17.7,5.8,445008.5,-3.0,10.1,13.9,13.5,14.6,49.0,51.0,87.9,35.5,,96.8,2.9,0.3
VA,2013,17.8,5.5,456911.6,-3.0,10.1,14.0,13.3,14.3,,,88.4,36.1,,,,
VA,2014,14.6,5.1,465601.7,-3.0,10.0,14.0,13.2,14.1,,,88.5,36.7,,,,
VA,2015,13.9,4.4,485540.9,-3.0,9.9,14.0,13.1,14.0,,,88.9,37.0,,,,
VA,2016,13.1,4.0,499032.4,-3.0,9.8,13.7,13.0,13.8,,,89.3,38.1,,,,
VA,2017,12.1,3.6,515167.2,-3.0,9.7,13.8,13.1,13.5,,,89.7,38.7,,,,
VA,2018,12.4,3.0,537158.3,-3.0,,,,,,,,,,,,
VA,2019,12.9,2.8,561701.8,-3.0,,,,,,,,,,,,
WA,2010,16.5,10.0,363544.2,3.0,9.7,13.9,13.5,14.6,49.8,50.2,89.8,31.1,55631.0,95.5,4.1,0.4
WA,2011,15.9,9.4,377518.8,3.0,9.8,14.1,13.4,14.3,49.9,50.1,90.1,31.9,,95.3,4.2,0.4
WA,2012,14.8,8.5,398358.5,3.0,9.7,14.1,13.3,14.0,49.9,50.1,90.4,31.7,,95.0,4.5,0.4
WA,2013,13.8,6.7,416924.1,3.0,9.6,14.2,13.2,13.6,,,90.1,32.7,,,,
WA,2014,13.7,5.9,439851.2,3.0,9.6,14.3,13.1,13.4,,,90.4,33.1,,,,
WA,2015,12.9,5.5,467590.6,3.0,9.3,14.6,12.9,13.2,,,90.8,34.2,,,,
WA,2016,12.1,5.2,489790.2,3.0,9.1,14.7,13.0,13.1,,,90.8,35.1,,,,
WA,2017,12.1,4.7,527169.4,3.0,8.9,14.9,13.2,12.8,,,91.3,35.5,,,,
WA,2018,12.1,4.4,570337.8,3.0,,,,,,,,,,,,
WA,2019,12.2,4.2,608643.4,3.0,,,,,,,,,,,,
WV,2010,10.1,8.4,66160.4,0.0,9.3,11.8,12.9,14.7,49.3,50.7,83.2,17.5,38218.0,98.0,1.8,0.1
WV,2011,9.7,7.7,69367.6,0.0,9.4,11.7,12.6,14.5,49.3,50.7,84.2,18.5,,97.9,2.0,0.1
WV,2012,8.2,7.2,70303.1,0.0,9.4,11.8,12.4,14.2,49.1,50.9,84.5,18.6,,98.1,1.8,0.1
WV,2013,6.7,6.7,71758.6,0.0,9.6,11.5,12.6,13.7,,,84.6,18.9,,,,
WV,2014,6.8,6.5,73042.6,0.0,9.2,11.9,12.3,13.6,,,85.2,19.2,,,,
WV,2015,7.2,6.5,71713.4,0.0,8.9,11.8,12.5,13.4,,,86.0,19.6,,,,
WV,2016,7.6,6.1,71248.9,0.0,8.9,11.8,12.2,13.3,,,86.0,20.8,,,,
WV,2017,7.4,5.2,75172.4,0.0,9.0,11.5,12.2,13.1,,,87.1,20.2,,,,
WV,2018,6.7,5.1,79794.3,0.0,,,,,,,,,,,,
WV,2019,5.9,4.9,80242.4,0.0,,,,,,,,,,,,
WI,2010,8.3,8.4,256159.5,-2.0,9.7,12.6,12.7,15.3,49.7,50.3,90.1,26.3,49001.0,97.9,2.0,0.2
WI,2011,7.9,7.5,265444.0,-2.0,9.7,12.8,12.4,15.1,49.6,50.4,90.4,26.5,,98.0,1.9,0.1
WI,2012,7.4,6.9,276253.4,-2.0,9.7,12.8,12.2,14.9,49.6,50.4,90.7,27.1,,98.0,1.9,0.1
WI,2013,6.9,6.7,283791.4,-2.0,9.7,12.8,12.1,14.5,,,90.9,27.7,,,,
WI,2014,6.8,5.3,296169.9,-2.0,9.7,12.7,12.0,14.2,,,91.4,28.4,,,,
WI,2015,6.8,4.4,308304.5,-2.0,9.7,12.6,12.1,13.8,,,91.4,28.4,,,,
WI,2016,6.8,3.9,315420.0,-2.0,9.7,12.6,11.9,13.5,,,91.9,29.5,,,,
WI,2017,7.0,3.3,321886.8,-2.0,9.6,12.5,12.1,13.1,,,92.4,30.4,,,,
WI,2018,7.4,3.0,335144.3,-2.0,,,,,,,,,,,,
WI,2019,7.7,3.2,346906.6,-2.0,,,,,,,,,,,,
WY,2010,9.4,6.9,37567.5,-3.0,10.1,13.6,11.7,15.0,50.9,49.1,92.3,24.1,53512.0,97.3,2.7,0.0
WY,2011,9.9,6.1,39615.1,-3.0,10.1,14.0,11.7,14.2,50.9,49.1,92.0,24.7,,97.2,2.6,0.1
WY,2012,8.6,5.4,38679.3,-3.0,10.2,13.9,12.0,13.5,50.8,49.2,91.7,24.7,,96.9,2.9,0.2
WY,2013,7.4,4.7,39365.6,-3.0,10.1,14.0,12.0,12.8,,,93.5,26.6,,,,
WY,2014,7.7,4.4,40573.9,-3.0,9.8,14.3,12.2,12.4,,,92.6,26.6,,,,
WY,2015,7.3,4.2,38624.8,-3.0,9.9,14.1,12.3,11.9,,,92.2,26.2,,,,
WY,2016,7.0,5.3,36105.9,-3.0,9.2,13.8,12.3,11.8,,,93.2,27.1,,,,
WY,2017,6.7,4.3,37620.3,-3.0,9.2,13.8,12.2,11.2,,,92.9,27.6,,,,
WY,2018,6.6,4.1,39614.5,-3.0,,,,,,,,,,,,
WY,2019,6.5,3.7,40029.5,-3.0,,,,,,,,,,,,
