state,year,abortionratetotal,unemployment_rate,data.rates.violent.all,gdp,policy_score,sex_and_age_18_to_24_years,sex_and_age_25_to_34_years,sex_and_age_35_to_44_years,sex_and_age_45_to_54_years,sex_and_age_male,sex_and_age_female,educational_attainment_high_school_graduate_or_higher,educational_attainment_bachelors_degree_or_higher,income_in_the_past_12_months_in_2010_inflation_adjusted_dollars_median_household_income_dollars,total_number_of_races_reported_one_race,total_number_of_races_reported_two_races,total_number_of_races_reported_three_races
AL,1988,21.3,7.3,558.6,,-3.0,,,,,,,,,,,,
AL,1992,18.4,7.5,871.7,,-3.0,,,,,,,,,,,,
AL,1996,15.3,5.2,565.4,,-3.0,,,,,,,,,,,,
AL,2000,13.5,4.7,486.2,120522.6,-3.0,,,,,,,,,,,,
AL,2005,11.4,4.5,433.0,158677.3,-3.0,,,,,,,,,,,,
AL,2006,11.5,4.0,425.2,166048.2,-3.0,,,,,,,,,,,,
AL,2007,11.6,4.1,448.9,172247.0,-3.0,,,,,,,,,,,,
AL,2008,11.5,5.9,452.8,174665.6,-3.0,,,,,,,,,,,,
AL,2009,10.9,9.7,450.1,170876.5,-3.0,,,,,,,,,,,,
AL,2010,10.4,10.4,383.7,177510.7,-3.0,10.2,12.6,13.0,14.4,48.5,51.5,82.1,21.9,40474.0,98.6,1.3,0.1
AL,2011,10.0,9.6,419.8,182896.7,-3.0,10.1,12.7,12.8,14.3,48.4,51.6,82.7,22.3,,98.7,1.3,0.1
AL,2012,9.3,8.2,449.9,188280.7,-3.0,10.1,12.6,12.8,13.9,48.5,51.5,84.0,23.3,,98.4,1.5,0.1
AL,2013,8.6,7.4,430.8,193981.5,-3.0,10.3,12.7,12.6,13.7,,,84.5,23.5,,,,
AL,2014,8.7,6.8,427.4,197064.4,-3.0,10.0,12.7,12.6,13.4,,,84.7,23.5,,,,
AL,2015,8.5,6.1,472.4,203113.3,-3.0,9.6,12.9,12.6,13.3,,,84.9,24.2,,,,
AL,2016,8.3,5.8,532.3,208824.3,-3.0,9.5,12.9,12.3,13.3,,,85.1,24.7,,,,
AL,2017,8.1,4.5,524.2,216615.5,-3.0,9.7,12.9,12.2,12.9,,,86.5,25.5,,,,
AL,2018,8.2,3.9,519.6,226263.8,-3.0,,,,,,,,,,,,
AL,2019,8.4,3.2,510.8,234798.2,-3.0,,,,,,,,,,,,
AL,2020,9.5,6.4,,235859.0,-3.0,,,,,,,,,,,,
AK,1988,19.8,8.8,522.8,,2.0,,,,,,,,,,,,
AK,1992,19.5,8.9,660.5,,2.0,,,,,,,,,,,,
AK,1996,16.0,7.5,727.7,,2.0,,,,,,,,,,,,
AK,2000,13.5,6.3,566.9,26934.0,2.0,,,,,,,,,,,,
AK,2005,15.0,6.9,632.0,40459.9,2.0,,,,,,,,,,,,
AK,2006,14.5,6.6,688.0,44951.7,2.0,,,,,,,,,,,,
AK,2007,14.1,6.2,661.3,49456.4,2.0,,,,,,,,,,,,
AK,2008,13.9,6.5,652.1,55246.7,2.0,,,,,,,,,,,,
AK,2009,14.3,7.8,633.4,50165.9,2.0,,,,,,,,,,,,
AK,2010,14.7,8.0,635.3,53654.0,2.0,10.5,14.5,13.1,15.7,52.2,47.8,91.0,27.9,64576.0,93.0,6.3,0.7
AK,2011,14.0,7.6,610.1,56912.3,2.0,10.7,14.7,12.9,14.9,51.6,48.4,91.8,26.4,,91.7,7.9,0.4
AK,2012,12.9,7.1,603.2,58320.7,2.0,10.9,14.9,13.1,14.2,52.1,47.9,92.0,28.0,,92.0,7.2,0.7
AK,2013,11.8,6.9,640.4,57533.0,2.0,11.4,15.5,12.2,13.8,,,91.6,28.0,,,,
AK,2014,11.1,6.7,635.8,56587.4,2.0,11.5,15.4,12.6,13.1,,,92.9,28.0,,,,
AK,2015,10.5,6.3,730.2,51574.2,2.0,11.2,16.1,12.4,12.6,,,92.6,29.7,,,,
AK,2016,9.8,6.6,804.2,51121.8,2.0,10.2,16.4,12.5,12.6,,,93.1,29.6,,,,
AK,2017,9.7,6.6,829.0,53550.9,2.0,9.9,16.0,13.1,12.0,,,91.7,28.8,,,,
AK,2018,9.8,6.1,885.0,54762.0,2.0,,,,,,,,,,,,
AK,2019,10.0,5.6,867.1,54549.6,2.0,,,,,,,,,,,,
AK,2020,9.2,8.3,,51861.7,2.0,,,,,,,,,,,,
AZ,1988,27.0,6.4,610.1,,-2.0,,,,,,,,,,,,
AZ,1992,24.2,7.6,670.8,,-2.0,,,,,,,,,,,,
AZ,1996,20.0,5.5,631.5,,-2.0,,,,,,,,,,,,
AZ,2000,16.9,4.0,531.7,165735.6,-2.0,,,,,,,,,,,,
AZ,2005,16.5,4.6,512.0,227997.8,-2.0,,,,,,,,,,,,
AZ,2006,15.4,4.3,542.6,246061.1,-2.0,,,,,,,,,,,,
AZ,2007,14.4,3.7,518.0,261152.8,-2.0,,,,,,,,,,,,
AZ,2008,15.7,5.8,485.6,261005.8,-2.0,,,,,,,,,,,,
AZ,2009,13.8,9.7,426.5,244862.2,-2.0,,,,,,,,,,,,
AZ,2010,12.0,10.4,413.6,250527.0,-2.0,9.9,13.4,12.8,13.2,49.7,50.3,85.6,25.9,46789.0,97.4,2.5,0.1
AZ,2011,12.8,9.5,414.2,261691.4,-2.0,10.0,13.4,12.7,13.0,49.8,50.2,85.7,26.6,,97.0,2.8,0.2
AZ,2012,11.7,8.4,428.9,272703.3,-2.0,10.0,13.4,12.7,12.8,49.8,50.2,85.7,27.3,,97.1,2.7,0.2
AZ,2013,10.6,7.8,416.5,278679.5,-2.0,10.0,13.3,12.6,12.6,,,85.9,27.4,,,,
AZ,2014,10.1,6.8,399.9,286676.0,-2.0,10.0,13.3,12.5,12.4,,,86.1,27.6,,,,
AZ,2015,10.3,6.1,410.2,298942.2,-2.0,9.8,13.4,12.4,12.3,,,86.1,27.7,,,,
AZ,2016,10.5,5.5,470.1,313787.1,-2.0,9.7,13.4,12.3,12.2,,,86.7,28.9,,,,
AZ,2017,9.8,5.0,508.0,333099.0,-2.0,9.6,13.6,12.2,12.1,,,87.2,29.4,,,,
AZ,2018,9.8,4.8,474.9,353671.0,-2.0,,,,,,,,,,,,
AZ,2019,9.7,4.8,455.3,375376.7,-2.0,,,,,,,,,,,,
AZ,2020,9.7,7.8,,390503.2,-2.0,,,,,,,,,,,,
AR,1988,15.0,7.7,422.7,,-3.0,,,,,,,,,,,,
AR,1992,16.4,7.0,576.5,,-3.0,,,,,,,,,,,,
AR,1996,12.1,5.2,524.3,,-3.0,,,,,,,,,,,,
AR,2000,10.4,4.2,445.3,69176.3,-3.0,,,,,,,,,,,,
AR,2005,9.2,5.3,528.0,91133.4,-3.0,,,,,,,,,,,,
AR,2006,9.6,5.2,552.8,96073.7,-3.0,,,,,,,,,,,,
AR,2007,10.0,5.4,537.1,98325.0,-3.0,,,,,,,,,,,,
AR,2008,10.0,5.4,513.0,100206.7,-3.0,,,,,,,,,,,,
AR,2009,9.9,7.7,515.8,97783.9,-3.0,,,,,,,,,,,,
AR,2010,9.6,7.8,503.5,101699.3,-3.0,10.0,12.6,12.7,13.9,49.0,51.0,82.9,19.5,38307.0,98.3,1.6,0.1
AR,2011,9.1,7.9,482.3,105697.6,-3.0,9.6,13.0,12.4,13.7,49.3,50.7,83.8,20.3,,98.1,1.9,0.1
AR,2012,8.7,7.2,469.1,108836.0,-3.0,9.8,12.9,12.5,13.4,49.1,50.9,84.8,21.0,,98.0,1.8,0.1
AR,2013,8.3,7.0,460.3,114021.1,-3.0,9.7,13.0,12.4,13.1,,,84.4,20.6,,,,
AR,2014,7.5,5.9,480.1,117388.7,-3.0,9.8,12.8,12.6,12.8,,,85.3,21.4,,,,
AR,2015,6.8,5.0,521.3,118573.6,-3.0,9.6,12.9,12.3,12.9,,,85.4,21.8,,,,
AR,2016,6.2,4.0,550.9,120987.4,-3.0,9.7,12.8,12.2,12.7,,,86.0,22.4,,,,
AR,2017,6.5,3.7,554.9,123882.6,-3.0,9.6,12.7,12.3,12.5,,,86.7,23.4,,,,
AR,2018,6.4,3.6,543.6,129213.8,-3.0,,,,,,,,,,,,
AR,2019,6.3,3.5,584.6,132625.8,-3.0,,,,,,,,,,,,
AR,2020,7.8,6.1,,136145.9,-3.0,,,,,,,,,,,,
CA,1988,44.9,5.3,929.8,,4.0,,,,,,,,,,,,
CA,1992,41.7,9.4,1119.7,,4.0,,,,,,,,,,,,
CA,1996,32.9,7.3,862.7,,4.0,,,,,,,,,,,,
CA,2000,31.1,4.9,621.6,1354791.3,4.0,,,,,,,,,,,,
CA,2005,26.5,5.4,526.0,1698858.4,4.0,,,,,,,,,,,,
CA,2006,27.4,4.9,533.5,1812161.6,4.0,,,,,,,,,,,,
CA,2007,28.3,5.3,524.1,1900220.4,4.0,,,,,,,,,,,,
CA,2008,27.1,7.3,504.2,1946241.5,4.0,,,,,,,,,,,,
CA,2009,25.6,11.5,473.3,1879809.5,4.0,,,,,,,,,,,,
CA,2010,24.0,12.3,439.6,1938603.3,4.0,10.6,14.3,13.9,14.0,49.7,50.3,80.7,30.1,57708.0,95.8,3.8,0.3
CA,2011,22.4,11.7,411.2,2014050.3,4.0,10.6,14.3,13.7,13.9,49.7,50.3,81.1,30.3,,95.8,3.9,0.3
CA,2012,21.4,10.4,423.1,2108873.1,4.0,10.6,14.4,13.6,13.7,49.7,50.3,81.5,30.9,,95.6,4.0,0.3
CA,2013,20.5,9.0,402.1,2223300.9,4.0,10.5,14.6,13.5,13.6,,,81.7,31.0,,,,
CA,2014,19.5,7.6,396.1,2342218.8,4.0,10.3,14.7,13.4,13.5,,,82.1,31.7,,,,
CA,2015,18.4,6.2,426.3,2487156.4,4.0,10.1,14.9,13.3,13.4,,,82.2,32.3,,,,
CA,2016,17.3,5.5,445.3,2586485.2,4.0,9.8,15.0,13.2,13.2,,,82.4,32.9,,,,
CA,2017,16.3,4.8,449.3,2740550.3,4.0,9.6,15.2,13.2,13.1,,,83.3,33.6,,,,
CA,2018,17.3,4.3,447.4,2899530.9,4.0,,,,,,,,,,,,
CA,2019,18.4,4.1,441.2,3068629.7,4.0,,,,,,,,,,,,
CA,2020,19.0,10.1,,3072927.6,4.0,,,,,,,,,,,,
CO,1988,21.6,6.4,472.6,,0.0,,,,,,,,,,,,
CO,1992,21.9,6.1,578.8,,0.0,,,,,,,,,,,,
CO,1996,18.1,4.2,404.5,,0.0,,,,,,,,,,,,
CO,2000,13.3,2.7,334.0,179303.3,0.0,,,,,,,,,,,,
CO,2005,14.9,5.1,397.0,220803.8,0.0,,,,,,,,,,,,
CO,2006,15.0,4.2,395.4,232853.6,0.0,,,,,,,,,,,,
CO,2007,15.1,3.7,351.8,248571.6,0.0,,,,,,,,,,,,
CO,2008,14.7,4.8,353.9,257606.1,0.0,,,,,,,,,,,,
CO,2009,14.0,8.0,338.8,249817.1,0.0,,,,,,,,,,,,
CO,2010,13.4,9.2,323.7,256771.8,0.0,9.8,14.4,13.9,14.7,50.1,49.9,89.7,36.4,54046.0,96.6,3.0,0.3
CO,2011,12.6,8.7,314.4,266114.1,0.0,9.8,14.6,13.9,14.2,50.2,49.8,90.2,36.7,,96.6,3.1,0.3
CO,2012,11.7,8.0,308.9,274738.8,0.0,9.9,14.6,13.7,14.0,50.1,49.9,90.6,37.5,,96.7,3.1,0.2
CO,2013,10.9,6.7,308.0,291265.3,0.0,9.7,14.7,13.7,13.6,,,90.5,37.8,,,,
CO,2014,10.8,5.0,309.1,309223.9,0.0,9.8,14.9,13.5,13.3,,,90.5,38.3,,,,
CO,2015,10.3,3.7,321.0,320895.9,0.0,9.7,15.2,13.5,13.0,,,91.2,39.2,,,,
CO,2016,9.8,3.1,342.6,330565.9,0.0,9.6,15.1,13.5,13.0,,,91.4,39.9,,,,
CO,2017,9.7,2.6,368.1,350209.1,0.0,9.3,15.5,13.6,12.7,,,91.6,41.2,,,,
CO,2018,9.6,3.0,397.2,373923.1,0.0,,,,,,,,,,,,
CO,2019,9.6,2.7,381.0,397843.6,0.0,,,,,,,,,,,,
CO,2020,9.9,6.8,,396981.1,0.0,,,,,,,,,,,,
CT,1988,31.0,2.9,455.4,,2.0,,,,,,,,,,,,
CT,1992,26.5,7.3,495.3,,2.0,,,,,,,,,,,,
CT,1996,22.4,5.2,412.0,,2.0,,,,,,,,,,,,
CT,2000,21.4,2.1,324.7,165523.4,2.0,,,,,,,,,,,,
CT,2005,24.4,4.9,273.0,204504.6,2.0,,,,,,,,,,,,
CT,2006,24.9,4.4,299.7,219812.2,2.0,,,,,,,,,,,,
CT,2007,25.3,4.5,301.1,232626.8,2.0,,,,,,,,,,,,
CT,2008,24.6,5.6,306.7,236110.7,2.0,,,,,,,,,,,,
CT,2009,23.5,8.3,300.9,231628.0,2.0,,,,,,,,,,,,
CT,2010,22.4,9.5,282.0,234022.2,2.0,9.2,11.8,13.5,16.1,48.6,51.4,88.6,35.5,64032.0,97.5,2.3,0.2
CT,2011,21.2,9.0,275.7,233058.7,2.0,9.3,12.0,13.0,16.0,48.7,51.3,89.1,36.2,,97.5,2.3,0.2
CT,2012,20.2,8.4,283.0,239907.5,2.0,9.5,12.0,12.8,15.8,48.7,51.3,89.9,37.1,,97.4,2.4,0.2
CT,2013,19.5,7.9,262.5,240549.2,2.0,9.6,12.2,12.5,15.5,,,89.7,37.2,,,,
CT,2014,19.5,6.6,236.9,247114.7,2.0,9.7,12.2,12.3,15.3,,,90.1,38.0,,,,
CT,2015,18.9,5.6,218.5,260648.5,2.0,9.8,12.3,12.0,15.0,,,90.2,38.3,,,,
CT,2016,18.2,4.9,227.1,264760.4,2.0,10.0,12.2,11.9,14.7,,,90.5,38.6,,,,
CT,2017,17.8,4.4,228.0,273875.1,2.0,9.8,12.4,11.7,14.4,,,90.4,38.7,,,,
CT,2018,17.8,3.9,207.4,280535.4,2.0,,,,,,,,,,,,
CT,2019,17.7,3.6,183.6,286451.9,2.0,,,,,,,,,,,,
CT,2020,17.1,8.0,,278747.9,2.0,,,,,,,,,,,,
DE,1988,28.9,3.0,451.7,,-2.0,,,,,,,,,,,,
DE,1992,28.1,5.5,621.2,,-2.0,,,,,,,,,,,,
DE,1996,17.4,5.2,668.3,,-2.0,,,,,,,,,,,,
DE,2000,22.5,3.4,684.4,43559.6,-2.0,,,,,,,,,,,,
DE,2005,23.2,4.1,633.0,52048.6,-2.0,,,,,,,,,,,,
DE,2006,27.9,3.6,701.0,55567.7,-2.0,,,,,,,,,,,,
DE,2007,32.5,3.4,705.4,56705.6,-2.0,,,,,,,,,,,,
DE,2008,31.4,4.8,708.6,55250.8,-2.0,,,,,,,,,,,,
DE,2009,30.7,8.2,645.4,57729.9,-2.0,,,,,,,,,,,,
DE,2010,30.0,8.3,623.3,58132.2,-2.0,10.3,12.3,12.9,14.8,48.5,51.5,87.7,27.8,55847.0,97.4,2.5,0.1
DE,2011,26.2,7.4,566.4,61379.4,-2.0,10.1,12.6,12.6,14.7,48.5,51.5,87.0,28.8,,97.3,2.5,0.1
DE,2012,22.4,7.0,547.4,62342.1,-2.0,10.2,12.4,12.2,14.6,48.5,51.5,88.5,29.5,,97.4,2.4,0.2
DE,2013,18.6,6.5,491.4,62058.2,-2.0,10.0,12.9,12.1,14.1,,,88.3,29.8,,,,
DE,2014,17.8,5.6,489.1,68606.0,-2.0,9.8,13.0,11.9,13.7,,,89.0,30.6,,,,
DE,2015,16.9,4.8,499.0,72352.5,-2.0,9.4,13.1,11.7,13.7,,,88.9,30.9,,,,
DE,2016,16.1,4.5,508.8,70021.5,-2.0,9.0,13.5,11.6,13.2,,,89.3,31.0,,,,
DE,2017,15.6,4.4,453.4,69555.6,-2.0,8.7,13.6,11.5,12.9,,,90.6,31.5,,,,
DE,2018,16.4,3.7,423.6,73376.0,-2.0,,,,,,,,,,,,
DE,2019,17.1,3.6,422.6,78710.5,-2.0,,,,,,,,,,,,
DE,2020,15.8,7.5,,77757.2,-2.0,,,,,,,,,,,,
DC,1988,79.3,5.0,1921.6,,,,,,,,,,,,,,
DC,1992,68.9,8.6,2832.8,,,,,,,,,,,,,,
DC,1996,38.1,8.4,2469.8,,,,,,,,,,,,,,
DC,2000,40.0,5.7,1507.9,61267.7,,,,,,,,,,,,,
DC,2005,44.4,6.5,1380.0,85414.5,,,,,,,,,,,,,
DC,2006,40.1,5.8,1508.4,88350.9,,,,,,,,,,,,,
DC,2007,36.2,5.5,1415.1,94013.8,,,,,,,,,,,,,
DC,2008,38.4,6.5,1437.7,99240.4,,,,,,,,,,,,,
DC,2009,31.6,9.6,1348.9,100430.1,,,,,,,,,,,,,
DC,2010,24.9,9.8,1326.8,106128.6,,14.3,20.9,13.5,12.5,47.3,52.7,87.4,50.1,60903.0,98.0,1.7,0.2
DC,2011,20.3,10.1,1200.8,109953.9,,13.6,21.6,13.4,12.2,47.3,52.7,87.2,52.5,,97.9,1.7,0.3
DC,2012,20.8,8.9,1243.7,112512.7,,13.2,22.0,13.5,12.0,47.3,52.7,88.6,53.0,,97.5,2.3,0.2
DC,2013,21.3,8.4,1300.3,114832.7,,12.7,22.4,13.9,11.8,,,90.1,55.1,,,,
DC,2014,21.3,7.7,1244.4,119998.0,,12.2,22.8,14.1,11.7,,,90.2,55.0,,,,
DC,2015,18.3,6.9,1269.1,124753.6,,12.1,22.7,14.3,11.5,,,89.8,56.7,,,,
DC,2016,15.5,6.2,1205.9,129933.5,,11.8,22.7,14.5,11.4,,,90.5,56.8,,,,
DC,2017,21.0,6.1,1004.9,134298.8,,10.8,23.4,14.7,11.0,,,90.2,57.3,,,,
DC,2018,24.4,5.7,995.9,141240.2,,,,,,,,,,,,,
DC,2019,26.3,5.5,1049.0,145071.4,,,,,,,,,,,,,
DC,2020,26.1,8.0,,146854.6,,,,,,,,,,,,,
FL,1988,28.3,5.2,1117.7,,-1.0,,,,,,,,,,,,
FL,1992,26.8,8.4,1207.2,,-1.0,,,,,,,,,,,,
FL,1996,29.4,5.3,1051.0,,-1.0,,,,,,,,,,,,
FL,2000,29.7,3.7,812.0,490094.4,-1.0,,,,,,,,,,,,
FL,2005,24.3,3.7,709.0,704890.3,-1.0,,,,,,,,,,,,
FL,2006,24.4,3.3,716.4,749925.0,-1.0,,,,,,,,,,,,
FL,2007,24.8,4.0,722.6,781947.3,-1.0,,,,,,,,,,,,
FL,2008,24.1,6.3,688.9,767357.8,-1.0,,,,,,,,,,,,
FL,2009,23.6,10.2,612.5,739322.4,-1.0,,,,,,,,,,,,
FL,2010,23.0,11.3,541.3,752998.4,-1.0,9.4,12.1,12.9,14.5,48.9,51.1,85.5,25.8,44409.0,97.8,2.0,0.1
FL,2011,22.3,10.2,514.6,761043.1,-1.0,9.4,12.2,12.6,14.4,48.9,51.1,85.9,25.8,,97.8,2.1,0.1
FL,2012,21.2,8.7,487.1,784545.9,-1.0,9.4,12.3,12.5,14.2,48.9,51.1,86.5,26.8,,97.6,2.2,0.2
FL,2013,20.2,7.5,470.4,819679.8,-1.0,9.2,12.5,12.3,13.9,,,86.8,27.2,,,,
FL,2014,19.7,6.5,540.5,860112.6,-1.0,9.0,12.6,12.2,13.7,,,87.2,27.3,,,,
FL,2015,18.6,5.5,461.9,918464.3,-1.0,8.8,12.8,12.2,13.5,,,87.6,28.4,,,,
FL,2016,17.5,4.9,430.3,964500.8,-1.0,8.6,12.9,12.0,13.4,,,87.4,28.6,,,,
FL,2017,17.9,4.3,408.0,1014866.9,-1.0,8.4,12.9,12.1,13.2,,,88.4,29.7,,,,
FL,2018,18.0,3.6,384.9,1072085.6,-1.0,,,,,,,,,,,,
FL,2019,18.1,3.2,378.4,1133718.0,-1.0,,,,,,,,,,,,
FL,2020,18.8,8.0,,1144653.2,-1.0,,,,,,,,,,,,
GA,1988,22.2,5.6,665.3,,-3.0,,,,,,,,,,,,
GA,1992,23.9,6.7,733.2,,-3.0,,,,,,,,,,,,
GA,1996,19.6,4.6,638.7,,-3.0,,,,,,,,,,,,
GA,2000,16.9,3.5,504.7,305323.7,-3.0,,,,,,,,,,,,
GA,2005,16.1,5.3,446.0,388707.2,-3.0,,,,,,,,,,,,
GA,2006,16.1,4.7,477.9,405664.2,-3.0,,,,,,,,,,,,
GA,2007,16.4,4.6,491.5,419384.8,-3.0,,,,,,,,,,,,
GA,2008,19.0,6.4,488.9,416303.5,-3.0,,,,,,,,,,,,
GA,2009,18.0,9.9,428.0,409876.2,-3.0,,,,,,,,,,,,
GA,2010,16.9,10.4,402.3,419013.1,-3.0,10.1,13.6,14.5,14.3,48.8,51.2,84.3,27.3,46430.0,98.2,1.7,0.1
GA,2011,16.6,10.0,374.6,433137.1,-3.0,10.4,13.5,14.3,14.2,49.0,51.0,84.3,27.6,,98.1,1.8,0.1
GA,2012,16.1,9.0,378.9,449375.6,-3.0,10.3,13.6,14.0,14.0,48.9,51.1,85.0,28.2,,98.0,1.9,0.1
GA,2013,15.6,8.1,365.7,467559.5,-3.0,10.3,13.5,13.9,13.9,,,85.5,28.3,,,,
GA,2014,14.8,7.1,377.3,493370.3,-3.0,10.2,13.6,13.7,13.8,,,85.6,29.1,,,,
GA,2015,15.0,6.1,378.3,525516.8,-3.0,10.1,13.5,13.6,13.7,,,86.1,29.9,,,,
GA,2016,15.2,5.4,397.6,554903.2,-3.0,9.8,13.6,13.4,13.6,,,86.4,30.5,,,,
GA,2017,15.2,4.8,357.2,583543.3,-3.0,9.8,13.6,13.3,13.6,,,87.0,30.9,,,,
GA,2018,15.4,4.0,326.6,612803.4,-3.0,,,,,,,,,,,,
GA,2019,15.8,3.6,340.7,646695.8,-3.0,,,,,,,,,,,,
GA,2020,16.6,6.5,,638488.3,-3.0,,,,,,,,,,,,
HI,1988,43.6,3.1,257.1,,2.0,,,,,,,,,,,,
HI,1992,46.0,4.1,258.4,,2.0,,,,,,,,,,,,
HI,1996,26.5,5.9,280.6,,2.0,,,,,,,,,,,,
HI,2000,22.2,4.2,243.8,41089.4,2.0,,,,,,,,,,,,
HI,2005,20.6,2.8,256.0,57211.8,2.0,,,,,,,,,,,,
HI,2006,21.0,2.5,280.7,60848.0,2.0,,,,,,,,,,,,
HI,2007,21.8,2.8,276.1,64106.0,2.0,,,,,,,,,,,,
HI,2008,21.7,4.1,272.5,65545.5,2.0,,,,,,,,,,,,
HI,2009,21.4,6.5,274.1,64464.3,2.0,,,,,,,,,,,,
HI,2010,21.0,6.7,264.3,66739.3,2.0,9.8,13.3,12.9,14.3,50.2,49.8,89.9,29.5,63030.0,76.2,15.2,7.4
HI,2011,20.9,6.7,251.4,68801.1,2.0,9.5,14.0,12.8,13.7,50.1,49.9,90.6,29.1,,75.9,15.2,8.1
HI,2012,18.4,5.8,239.2,71645.6,2.0,9.9,14.3,12.6,13.3,50.4,49.6,90.4,30.1,,76.7,14.7,7.8
HI,2013,15.9,4.7,251.6,74598.5,2.0,9.8,14.5,12.6,12.8,,,91.0,31.2,,,,
HI,2014,14.0,4.2,259.2,77043.0,2.0,9.6,14.9,12.4,12.6,,,91.7,31.0,,,,
HI,2015,12.6,3.4,293.4,81410.2,2.0,9.4,15.1,12.4,12.2,,,90.9,31.4,,,,
HI,2016,11.7,2.9,309.2,84287.2,2.0,9.1,14.4,12.6,12.4,,,92.0,31.9,,,,
HI,2017,12.1,2.2,250.6,87436.4,2.0,8.7,14.4,12.7,12.2,,,92.3,32.9,,,,
HI,2018,12.0,2.4,248.6,90933.5,2.0,,,,,,,,,,,,
HI,2019,12.0,2.5,285.5,93240.2,2.0,,,,,,,,,,,,
HI,2020,12.1,11.6,,84788.0,2.0,,,,,,,,,,,,
ID,1988,12.7,6.1,234.7,,-2.0,,,,,,,,,,,,
ID,1992,10.2,6.5,281.4,,-2.0,,,,,,,,,,,,
ID,1996,9.2,5.4,267.2,,-2.0,,,,,,,,,,,,
ID,2000,9.9,4.6,252.5,38344.1,-2.0,,,,,,,,,,,,
ID,2005,8.7,4.0,257.0,48805.1,-2.0,,,,,,,,,,,,
ID,2006,9.1,3.4,250.0,51099.0,-2.0,,,,,,,,,,,,
ID,2007,9.5,3.0,256.2,53712.4,-2.0,,,,,,,,,,,,
ID,2008,8.5,5.0,241.5,56203.6,-2.0,,,,,,,,,,,,
ID,2009,8.1,9.1,246.2,54507.9,-2.0,,,,,,,,,,,,
ID,2010,7.9,9.1,220.5,56086.2,-2.0,9.8,13.3,12.3,13.2,50.1,49.9,88.3,24.4,43490.0,97.7,2.1,0.2
ID,2011,7.6,8.4,202.2,57418.2,-2.0,10.0,13.0,12.3,12.9,50.2,49.8,88.6,25.2,,97.5,2.3,0.1
ID,2012,6.8,7.5,207.9,57933.7,-2.0,9.9,13.2,12.3,12.7,50.1,49.9,89.8,25.5,,97.5,2.3,0.2
ID,2013,5.9,6.9,217.0,61712.6,-2.0,9.8,12.9,12.1,12.7,,,89.4,26.2,,,,
ID,2014,5.7,4.4,212.2,64501.7,-2.0,9.7,12.9,12.4,12.0,,,90.1,25.0,,,,
ID,2015,5.6,3.9,215.6,66064.9,-2.0,9.5,13.1,12.4,12.0,,,90.0,26.0,,,,
ID,2016,5.5,3.7,230.3,69185.2,-2.0,9.5,13.1,12.2,11.8,,,90.4,27.6,,,,
ID,2017,5.4,3.2,226.4,72935.1,-2.0,9.4,12.9,12.6,11.6,,,90.8,26.8,,,,
ID,2018,5.5,2.9,227.1,79072.4,-2.0,,,,,,,,,,,,
ID,2019,5.7,2.9,223.8,84429.4,-2.0,,,,,,,,,,,,
ID,2020,6.0,5.5,,88056.8,-2.0,,,,,,,,,,,,
IL,1988,27.0,6.7,810.4,,0.0,,,,,,,,,,,,
IL,1992,24.5,7.9,977.3,,0.0,,,,,,,,,,,,
IL,1996,24.4,5.3,890.4,,0.0,,,,,,,,,,,,
IL,2000,21.3,4.5,653.8,486089.7,0.0,,,,,,,,,,,,
IL,2005,18.1,5.7,552.0,589153.7,0.0,,,,,,,,,,,,
IL,2006,18.2,4.6,541.6,624068.1,0.0,,,,,,,,,,,,
IL,2007,18.3,5.1,533.2,649307.4,0.0,,,,,,,,,,,,
IL,2008,19.5,6.5,525.4,649677.3,0.0,,,,,,,,,,,,
IL,2009,17.8,10.0,497.2,645843.2,0.0,,,,,,,,,,,,
IL,2010,16.1,10.4,444.9,663929.0,0.0,9.7,13.8,13.5,14.5,49.0,51.0,86.9,30.8,52972.0,98.1,1.8,0.1
IL,2011,16.1,9.8,424.0,691805.5,0.0,9.7,13.8,13.3,14.4,49.0,51.0,87.2,31.0,,98.0,1.9,0.1
IL,2012,16.1,9.0,414.8,725478.0,0.0,9.7,13.8,13.2,14.2,49.1,50.9,87.6,31.6,,97.8,2.1,0.1
IL,2013,15.9,9.1,380.2,742890.9,0.0,9.8,13.8,13.1,13.9,,,87.8,32.1,,,,
IL,2014,15.5,7.2,370.0,772291.7,0.0,9.8,13.8,13.1,13.7,,,88.2,32.8,,,,
IL,2015,15.1,6.0,383.8,802592.0,0.0,9.6,13.8,13.0,13.6,,,88.6,32.9,,,,
IL,2016,14.7,5.9,436.3,813561.6,0.0,9.5,13.8,12.9,13.4,,,88.8,34.0,,,,
IL,2017,14.6,5.0,438.8,832826.8,0.0,9.4,13.8,12.9,13.1,,,89.1,34.4,,,,
IL,2018,16.2,4.4,404.1,871024.2,0.0,,,,,,,,,,,,
IL,2019,17.8,4.0,406.9,895601.8,0.0,,,,,,,,,,,,
IL,2020,17.1,9.3,,860807.8,0.0,,,,,,,,,,,,
IN,1988,16.2,5.2,380.0,,-3.0,,,,,,,,,,,,
IN,1992,16.0,6.1,508.5,,-3.0,,,,,,,,,,,,
IN,1996,13.7,3.9,537.0,,-3.0,,,,,,,,,,,,
IN,2000,11.4,3.0,349.1,204147.3,-3.0,,,,,,,,,,,,
IN,2005,10.1,5.4,324.0,247428.3,-3.0,,,,,,,,,,,,
IN,2006,9.8,5.0,321.6,259030.3,-3.0,,,,,,,,,,,,
IN,2007,9.6,4.6,335.8,273340.8,-3.0,,,,,,,,,,,,
IN,2008,9.5,5.9,337.6,277774.5,-3.0,,,,,,,,,,,,
IN,2009,9.3,10.2,334.0,264925.0,-3.0,,,,,,,,,,,,
IN,2010,9.0,10.0,323.3,284685.8,-3.0,10.1,12.8,12.9,14.6,49.3,50.7,87.0,22.7,44613.0,98.0,1.9,0.1
IN,2011,8.3,8.9,331.8,292373.8,-3.0,10.2,12.7,12.8,14.3,49.2,50.8,87.3,23.0,,97.8,2.1,0.1
IN,2012,7.9,8.2,345.7,301277.4,-3.0,10.2,12.7,12.6,14.1,49.2,50.8,87.6,23.4,,97.8,2.1,0.1
IN,2013,7.7,7.5,357.4,313466.9,-3.0,10.2,12.8,12.6,13.7,,,87.6,23.8,,,,
IN,2014,7.8,5.9,365.3,329360.9,-3.0,10.2,12.8,12.6,13.5,,,88.4,24.7,,,,
IN,2015,7.9,4.8,387.5,333163.8,-3.0,10.2,12.7,12.4,13.3,,,88.2,24.9,,,,
IN,2016,7.9,4.4,404.7,342716.6,-3.0,10.0,12.9,12.3,13.0,,,88.4,25.6,,,,
IN,2017,8.2,3.5,399.0,357535.8,-3.0,9.9,13.0,12.3,12.8,,,88.6,26.8,,,,
IN,2018,8.0,3.4,382.3,377376.9,-3.0,,,,,,,,,,,,
IN,2019,7.9,3.3,370.8,384838.7,-3.0,,,,,,,,,,,,
IN,2020,8.2,7.3,,378293.0,-3.0,,,,,,,,,,,,
IA,1988,17.1,4.7,256.8,,-3.0,,,,,,,,,,,,
IA,1992,12.2,4.5,278.0,,-3.0,,,,,,,,,,,,
IA,1996,9.9,3.6,272.5,,-3.0,,,,,,,,,,,,
IA,2000,10.3,2.7,266.4,93125.6,-3.0,,,,,,,,,,,,
IA,2005,10.4,4.3,293.0,122866.1,-3.0,,,,,,,,,,,,
IA,2006,10.9,3.7,285.7,127670.8,-3.0,,,,,,,,,,,,
IA,2007,11.5,3.7,300.2,137590.2,-3.0,,,,,,,,,,,,
IA,2008,10.6,4.1,288.1,137749.2,-3.0,,,,,,,,,,,,
IA,2009,10.4,6.5,282.1,137094.3,-3.0,,,,,,,,,,,,
IA,2010,10.1,6.1,268.5,142497.7,-3.0,10.0,12.6,12.0,14.4,49.4,50.6,90.6,24.9,47961.0,98.2,1.7,0.1
IA,2011,9.4,5.6,257.3,149026.1,-3.0,10.2,12.6,11.8,14.1,49.4,50.6,90.6,25.8,,98.0,1.9,0.1
IA,2012,8.3,5.0,263.9,158553.1,-3.0,10.2,12.7,11.7,13.8,49.6,50.4,91.6,26.3,,98.0,1.8,0.1
IA,2013,7.1,4.7,271.4,162415.0,-3.0,10.3,12.6,11.8,13.4,,,91.6,26.4,,,,
IA,2014,6.7,4.3,273.5,173734.2,-3.0,10.3,12.6,11.8,13.2,,,92.1,27.7,,,,
IA,2015,6.8,3.7,286.1,181471.7,-3.0,10.3,12.6,11.8,12.8,,,91.7,26.8,,,,
IA,2016,6.9,3.6,290.6,183834.8,-3.0,10.2,12.6,11.8,12.5,,,91.8,28.4,,,,
IA,2017,6.2,3.1,293.4,187125.0,-3.0,10.2,12.5,11.9,12.2,,,92.1,28.9,,,,
IA,2018,6.0,2.6,250.1,193155.1,-3.0,,,,,,,,,,,,
IA,2019,5.8,2.7,266.6,196262.5,-3.0,,,,,,,,,,,,
IA,2020,5.9,5.2,,199449.6,-3.0,,,,,,,,,,,,
KS,1988,13.0,4.5,365.2,,-1.0,,,,,,,,,,,,
KS,1992,12.7,4.5,510.8,,-1.0,,,,,,,,,,,,
KS,1996,12.1,4.3,413.8,,-1.0,,,,,,,,,,,,
KS,2000,11.2,3.7,389.4,85990.5,-1.0,,,,,,,,,,,,
KS,2005,10.0,5.1,389.0,105343.9,-1.0,,,,,,,,,,,,
KS,2006,10.2,4.4,432.7,113831.8,-1.0,,,,,,,,,,,,
KS,2007,10.3,4.3,458.6,123608.9,-1.0,,,,,,,,,,,,
KS,2008,10.2,4.6,412.3,129223.2,-1.0,,,,,,,,,,,,
KS,2009,8.7,7.1,406.6,126049.7,-1.0,,,,,,,,,,,,
KS,2010,7.2,7.0,370.8,129235.7,-1.0,10.2,13.0,12.2,14.3,49.6,50.4,89.2,29.8,48257.0,96.9,2.9,0.3
KS,2011,7.0,6.4,355.7,136747.1,-1.0,10.3,13.0,12.2,13.9,49.6,50.4,90.0,30.1,,96.6,3.1,0.2
KS,2012,7.0,5.7,354.6,141812.1,-1.0,10.4,13.3,12.0,13.5,49.7,50.3,90.2,30.4,,96.8,2.9,0.2
KS,2013,7.0,5.3,339.9,144999.3,-1.0,10.4,13.4,12.0,12.9,,,90.1,31.1,,,,
KS,2014,6.8,4.5,348.6,150276.1,-1.0,10.3,13.3,12.1,12.6,,,90.3,31.5,,,,
KS,2015,6.5,4.2,389.9,155699.0,-1.0,10.4,13.2,11.9,12.4,,,90.3,31.7,,,,
KS,2016,6.3,4.0,380.4,162144.5,-1.0,10.3,13.0,12.2,12.1,,,90.5,32.8,,,,
KS,2017,6.3,3.6,413.0,166273.6,-1.0,10.2,13.2,12.2,11.8,,,91.0,33.7,,,,
KS,2018,6.3,3.3,439.0,173373.0,-1.0,,,,,,,,,,,,
KS,2019,6.4,3.2,410.8,176068.8,-1.0,,,,,,,,,,,,
KS,2020,7.3,5.8,,175385.6,-1.0,,,,,,,,,,,,
KY,1988,11.6,7.4,330.1,,-3.0,,,,,,,,,,,,
KY,1992,11.2,6.9,535.5,,-3.0,,,,,,,,,,,,
KY,1996,8.8,5.4,320.5,,-3.0,,,,,,,,,,,,
KY,2000,7.6,4.2,294.5,114549.6,-3.0,,,,,,,,,,,,
KY,2005,7.0,5.9,267.0,144914.9,-3.0,,,,,,,,,,,,
KY,2006,7.0,5.7,270.1,153009.8,-3.0,,,,,,,,,,,,
KY,2007,7.1,5.4,290.7,156900.0,-3.0,,,,,,,,,,,,
KY,2008,7.4,6.5,297.2,160700.2,-3.0,,,,,,,,,,,,
KY,2009,7.2,10.6,255.0,157440.1,-3.0,,,,,,,,,,,,
KY,2010,7.0,10.3,243.9,166656.3,-3.0,9.7,13.0,13.3,14.7,49.2,50.8,81.9,20.5,40062.0,98.4,1.5,0.1
KY,2011,6.8,9.4,239.6,171238.1,-3.0,9.7,12.9,13.0,14.6,49.1,50.9,83.1,21.1,,98.2,1.7,0.1
KY,2012,6.4,8.2,222.6,178370.6,-3.0,9.7,12.8,13.0,14.3,49.2,50.8,83.8,21.8,,98.0,1.9,0.1
KY,2013,6.1,7.9,209.8,184920.6,-3.0,9.7,12.8,12.9,14.0,,,84.1,22.6,,,,
KY,2014,6.1,6.4,211.6,188326.4,-3.0,9.8,12.8,12.7,13.9,,,84.5,22.2,,,,
KY,2015,5.8,5.3,218.7,194621.2,-3.0,9.6,12.7,12.7,13.6,,,85.1,23.3,,,,
KY,2016,5.5,5.1,232.3,197944.8,-3.0,9.7,12.7,12.5,13.5,,,85.7,23.4,,,,
KY,2017,5.6,4.8,225.8,203564.0,-3.0,9.4,12.9,12.5,13.1,,,86.3,24.0,,,,
KY,2018,5.6,4.2,211.9,210509.1,-3.0,,,,,,,,,,,,
KY,2019,5.6,4.1,217.1,220678.8,-3.0,,,,,,,,,,,,
KY,2020,6.7,6.5,,218948.6,-3.0,,,,,,,,,,,,
LA,1988,16.7,10.5,717.4,,-3.0,,,,,,,,,,,,
LA,1992,11.7,7.8,984.6,,-3.0,,,,,,,,,,,,
LA,1996,12.8,6.4,929.1,,-3.0,,,,,,,,,,,,
LA,2000,11.3,5.1,681.1,132375.8,-3.0,,,,,,,,,,,,
LA,2005,10.5,7.1,597.0,199314.2,-3.0,,,,,,,,,,,,
LA,2006,12.4,4.1,721.2,207249.8,-3.0,,,,,,,,,,,,
LA,2007,13.7,4.1,740.4,203771.3,-3.0,,,,,,,,,,,,
LA,2008,15.3,4.7,671.4,213803.5,-3.0,,,,,,,,,,,,
LA,2009,14.0,6.7,642.9,206111.5,-3.0,,,,,,,,,,,,
LA,2010,12.6,7.4,555.3,226555.6,-3.0,10.6,13.7,12.6,14.3,49.0,51.0,81.9,21.4,42505.0,98.5,1.4,0.1
LA,2011,12.1,7.3,554.6,230518.7,-3.0,10.6,13.8,12.5,14.0,48.9,51.1,82.5,21.1,,98.3,1.5,0.2
LA,2012,11.2,6.7,496.9,235960.9,-3.0,10.3,14.0,12.3,13.8,48.9,51.1,83.0,22.0,,98.3,1.5,0.1
LA,2013,10.3,6.4,518.5,231652.7,-3.0,10.3,14.2,12.2,13.4,,,83.1,22.5,,,,
LA,2014,10.2,6.2,514.7,240965.0,-3.0,10.2,14.2,12.4,13.0,,,83.6,22.9,,,,
LA,2015,10.5,6.3,539.7,234324.2,-3.0,9.8,14.4,12.4,12.8,,,84.6,23.2,,,,
LA,2016,10.7,6.0,566.1,227440.3,-3.0,9.6,14.3,12.5,12.5,,,84.4,23.4,,,,
LA,2017,10.0,5.1,557.0,239830.7,-3.0,9.7,14.0,12.6,12.3,,,85.1,23.8,,,,
LA,2018,9.2,4.8,537.5,256444.4,-3.0,,,,,,,,,,,,
LA,2019,8.5,4.6,549.3,257499.0,-3.0,,,,,,,,,,,,
LA,2020,8.4,8.6,,233652.0,-3.0,,,,,,,,,,,,
ME,1988,14.6,3.6,157.4,,1.0,,,,,,,,,,,,
ME,1992,15.1,7.4,130.9,,1.0,,,,,,,,,,,,
ME,1996,12.4,5.3,124.9,,1.0,,,,,,,,,,,,
ME,2000,10.9,3.3,109.6,37222.0,1.0,,,,,,,,,,,,
ME,2005,10.9,4.9,112.0,47028.1,1.0,,,,,,,,,,,,
ME,2006,11.4,4.7,116.0,48889.3,1.0,,,,,,,,,,,,
ME,2007,12.0,4.7,118.8,50291.3,1.0,,,,,,,,,,,,
ME,2008,11.9,5.4,119.4,51001.9,1.0,,,,,,,,,,,,
ME,2009,11.5,8.3,119.9,51451.2,1.0,,,,,,,,,,,,
ME,2010,10.9,8.4,122.1,52802.5,1.0,8.8,10.9,12.9,16.3,48.9,51.1,90.3,26.8,45815.0,98.2,1.7,0.1
ME,2011,10.1,7.8,123.3,53104.5,1.0,8.7,10.9,12.6,16.2,49.0,51.0,90.9,28.4,,98.1,1.8,0.1
ME,2012,10.1,7.2,122.7,54018.5,1.0,8.7,11.1,12.2,15.8,49.0,51.0,91.6,28.0,,98.0,1.9,0.1
ME,2013,10.1,6.7,129.3,54924.8,1.0,8.6,11.3,11.9,15.4,,,91.8,28.2,,,,
ME,2014,10.2,5.6,127.8,56537.4,1.0,8.5,11.4,11.7,15.2,,,91.7,29.4,,,,
ME,2015,9.6,4.4,130.1,58755.8,1.0,8.4,11.4,11.5,14.8,,,91.7,30.1,,,,
ME,2016,9.0,3.8,123.8,61092.2,1.0,8.3,11.8,11.4,14.4,,,92.3,30.1,,,,
ME,2017,8.9,3.4,121.0,63000.6,1.0,8.2,11.9,11.3,13.8,,,92.3,32.1,,,,
ME,2018,8.9,3.2,112.1,66216.0,1.0,,,,,,,,,,,,
ME,2019,8.9,2.9,115.2,69708.7,1.0,,,,,,,,,,,,
ME,2020,10.1,5.1,,72309.7,1.0,,,,,,,,,,,,
MD,1988,34.9,4.2,806.8,,2.0,,,,,,,,,,,,
MD,1992,33.1,6.5,1000.1,,2.0,,,,,,,,,,,,
MD,1996,31.0,4.9,931.2,,2.0,,,,,,,,,,,,
MD,2000,32.5,3.6,786.6,191430.2,2.0,,,,,,,,,,,,
MD,2005,29.2,4.2,704.0,261795.3,2.0,,,,,,,,,,,,
MD,2006,26.5,3.8,678.6,273791.0,2.0,,,,,,,,,,,,
MD,2007,23.9,3.4,641.9,282618.2,2.0,,,,,,,,,,,,
MD,2008,23.7,4.3,628.2,292908.3,2.0,,,,,,,,,,,,
MD,2009,24.9,7.1,590.0,298282.8,2.0,,,,,,,,,,,,
MD,2010,25.9,7.8,546.3,313930.5,2.0,9.7,13.3,13.7,15.6,48.4,51.6,88.1,36.1,68854.0,97.2,2.5,0.2
MD,2011,26.9,7.3,493.5,324920.9,2.0,9.7,13.4,13.4,15.4,48.4,51.6,88.9,36.9,,97.4,2.4,0.2
MD,2012,24.7,6.9,476.8,331869.0,2.0,9.7,13.6,13.2,15.2,48.4,51.6,89.1,36.9,,96.9,2.9,0.2
MD,2013,22.6,6.6,473.8,339895.8,2.0,9.5,13.8,13.0,15.0,,,89.1,37.4,,,,
MD,2014,22.1,5.7,446.1,351743.1,2.0,9.4,13.8,12.9,14.7,,,89.6,38.2,,,,
MD,2015,21.8,5.0,457.2,367314.1,2.0,9.3,13.9,12.8,14.5,,,89.6,38.8,,,,
MD,2016,21.7,4.2,472.0,386496.4,2.0,9.1,13.8,12.7,14.2,,,90.1,39.3,,,,
MD,2017,22.7,4.1,500.2,399714.5,2.0,8.9,13.8,12.8,14.0,,,89.9,39.7,,,,
MD,2018,23.5,3.8,468.7,410771.8,2.0,,,,,,,,,,,,
MD,2019,24.2,3.4,454.1,419391.6,2.0,,,,,,,,,,,,
MD,2020,24.9,6.5,,413804.5,2.0,,,,,,,,,,,,
MA,1988,29.6,3.3,619.6,,1.0,,,,,,,,,,,,
MA,1992,28.7,8.8,779.0,,1.0,,,,,,,,,,,,
MA,1996,28.1,4.6,642.2,,1.0,,,,,,,,,,,,
MA,2000,21.0,2.8,476.1,287091.4,1.0,,,,,,,,,,,,
MA,2005,20.2,4.8,461.0,340637.8,1.0,,,,,,,,,,,,
MA,2006,19.9,4.7,500.5,358418.3,1.0,,,,,,,,,,,,
MA,2007,19.5,4.5,441.7,377985.6,1.0,,,,,,,,,,,,
MA,2008,19.0,5.3,463.8,387923.4,1.0,,,,,,,,,,,,
MA,2009,18.6,8.1,462.6,388963.9,1.0,,,,,,,,,,,,
MA,2010,18.3,8.1,468.9,409270.0,1.0,10.4,12.9,13.5,15.4,48.3,51.7,89.1,39.0,62072.0,97.2,2.6,0.1
MA,2011,18.0,7.2,427.3,423684.9,1.0,10.3,13.1,13.2,15.4,48.4,51.6,89.2,39.1,,97.4,2.4,0.1
MA,2012,16.8,6.7,405.5,441373.9,1.0,10.4,13.3,12.9,15.1,48.4,51.6,89.7,39.3,,97.2,2.6,0.2
MA,2013,15.5,6.7,413.4,452580.4,1.0,10.4,13.6,12.6,14.9,,,89.9,40.3,,,,
MA,2014,15.5,5.7,391.4,469824.9,1.0,10.4,13.8,12.4,14.6,,,89.7,41.2,,,,
MA,2015,14.8,4.8,390.9,497767.0,1.0,10.3,13.9,12.3,14.4,,,90.2,41.5,,,,
MA,2016,14.1,4.0,376.9,514108.0,1.0,10.4,14.0,12.1,14.1,,,90.4,42.7,,,,
MA,2017,13.6,3.8,358.0,530129.4,1.0,10.2,14.2,12.2,13.7,,,90.8,43.4,,,,
MA,2018,13.7,3.5,338.1,559605.0,1.0,,,,,,,,,,,,
MA,2019,13.7,3.0,327.6,588069.5,1.0,,,,,,,,,,,,
MA,2020,12.5,9.3,,592855.5,1.0,,,,,,,,,,,,
MI,1988,28.2,7.6,741.7,,-3.0,,,,,,,,,,,,
MI,1992,24.6,9.1,770.1,,-3.0,,,,,,,,,,,,
MI,1996,21.5,4.9,635.3,,-3.0,,,,,,,,,,,,
MI,2000,21.2,3.6,555.0,351879.5,-3.0,,,,,,,,,,,,
MI,2005,19.3,6.8,554.0,402828.8,-3.0,,,,,,,,,,,,
MI,2006,18.4,6.9,564.4,402537.3,-3.0,,,,,,,,,,,,
MI,2007,17.8,7.1,533.8,410613.0,-3.0,,,,,,,,,,,,
MI,2008,18.3,8.2,514.9,391633.6,-3.0,,,,,,,,,,,,
MI,2009,17.2,13.5,499.8,371707.0,-3.0,,,,,,,,,,,,
MI,2010,16.1,12.8,493.0,393179.6,-3.0,9.8,11.8,12.9,15.3,49.1,50.9,88.7,25.2,45413.0,97.6,2.3,0.2
MI,2011,15.4,10.1,442.8,408354.1,-3.0,10.1,11.8,12.6,15.0,49.1,50.9,88.8,25.6,,97.4,2.4,0.2
MI,2012,15.1,9.1,454.5,426141.1,-3.0,10.1,11.9,12.4,14.7,49.1,50.9,89.2,26.0,,97.4,2.4,0.2
MI,2013,15.0,8.8,449.9,441470.8,-3.0,10.2,11.9,12.2,14.3,,,89.4,26.9,,,,
MI,2014,14.9,7.2,427.3,456123.5,-3.0,10.1,12.1,12.0,14.1,,,89.9,27.4,,,,
MI,2015,14.5,5.4,415.5,479222.7,-3.0,9.9,12.3,11.8,13.9,,,90.1,27.8,,,,
MI,2016,14.1,5.0,459.0,494752.5,-3.0,9.8,12.6,11.7,13.6,,,90.4,28.3,,,,
MI,2017,13.9,4.6,450.0,505101.5,-3.0,9.7,12.7,11.6,13.3,,,90.9,29.1,,,,
MI,2018,14.3,4.2,449.4,525240.8,-3.0,,,,,,,,,,,,
MI,2019,14.9,4.1,437.4,540237.3,-3.0,,,,,,,,,,,,
MI,2020,16.1,10.0,,530161.3,-3.0,,,,,,,,,,,,
MN,1988,17.0,4.3,290.1,,2.0,,,,,,,,,,,,
MN,1992,14.5,5.1,338.0,,2.0,,,,,,,,,,,,
MN,1996,13.1,3.8,338.8,,2.0,,,,,,,,,,,,
MN,2000,12.9,3.1,280.8,192389.5,2.0,,,,,,,,,,,,
MN,2005,12.5,4.1,297.0,244635.4,2.0,,,,,,,,,,,,
MN,2006,12.6,4.1,310.5,252357.6,2.0,,,,,,,,,,,,
MN,2007,12.7,4.6,289.6,261250.7,2.0,,,,,,,,,,,,
MN,2008,11.9,5.4,265.4,268771.5,2.0,,,,,,,,,,,,
MN,2009,11.2,7.7,244.5,262628.8,2.0,,,,,,,,,,,,
MN,2010,10.6,7.4,235.7,274649.2,2.0,9.4,13.5,12.8,15.2,49.6,50.4,91.8,31.8,55459.0,97.6,2.2,0.2
MN,2011,10.2,6.6,230.5,287070.8,2.0,9.5,13.6,12.5,15.0,49.7,50.3,92.0,32.4,,97.5,2.3,0.2
MN,2012,9.7,5.7,230.9,298641.4,2.0,9.3,13.7,12.5,14.6,49.6,50.4,92.5,33.2,,97.5,2.4,0.1
MN,2013,9.1,5.0,234.4,311752.1,2.0,9.4,13.6,12.3,14.2,,,92.4,33.5,,,,
MN,2014,8.8,4.2,229.1,324701.5,2.0,9.2,13.8,12.3,13.9,,,92.6,34.3,,,,
MN,2015,8.9,3.8,242.6,336762.0,2.0,9.2,13.6,12.3,13.6,,,92.8,34.7,,,,
MN,2016,9.1,3.9,242.6,345248.8,2.0,9.2,13.5,12.3,13.2,,,92.9,34.8,,,,
MN,2017,9.5,3.4,238.3,354721.9,2.0,9.0,13.6,12.6,12.7,,,93.1,36.1,,,,
MN,2018,9.7,3.0,220.4,372439.2,2.0,,,,,,,,,,,,
MN,2019,9.7,3.3,236.4,384850.2,2.0,,,,,,,,,,,,
MN,2020,9.5,6.3,,378969.4,2.0,,,,,,,,,,,,
MS,1988,10.8,8.5,325.2,,-4.0,,,,,,,,,,,,
MS,1992,14.5,8.0,411.7,,-4.0,,,,,,,,,,,,
MS,1996,14.3,6.0,488.3,,-4.0,,,,,,,,,,,,
MS,2000,14.3,5.3,360.9,66051.5,-4.0,,,,,,,,,,,,
MS,2005,12.8,7.7,280.0,82991.6,-4.0,,,,,,,,,,,,
MS,2006,12.9,6.4,311.8,87596.7,-4.0,,,,,,,,,,,,
MS,2007,12.9,6.1,291.3,91876.5,-4.0,,,,,,,,,,,,
MS,2008,13.5,6.7,304.3,95179.3,-4.0,,,,,,,,,,,,
MS,2009,12.6,9.2,286.3,92378.0,-4.0,,,,,,,,,,,,
MS,2010,11.7,10.1,269.3,94788.3,-4.0,10.5,12.7,13.0,13.9,48.5,51.5,81.0,19.5,36851.0,98.9,1.0,0.0
MS,2011,11.1,9.8,269.0,96799.1,-4.0,10.5,12.7,12.8,13.6,48.6,51.4,81.1,19.8,,98.8,1.1,0.1
MS,2012,10.4,8.8,260.8,100905.4,-4.0,10.9,12.5,12.6,13.3,48.3,51.7,82.3,20.7,,98.9,1.0,0.1
MS,2013,9.7,8.5,274.6,103042.6,-4.0,10.8,12.6,12.7,13.0,,,82.4,20.4,,,,
MS,2014,9.2,7.6,278.5,105219.5,-4.0,10.4,12.8,12.9,12.7,,,82.8,21.1,,,,
MS,2015,8.8,6.5,275.8,106623.9,-4.0,10.4,12.5,12.9,12.6,,,83.5,20.8,,,,
MS,2016,8.6,6.0,280.5,107795.4,-4.0,10.3,12.7,12.5,12.6,,,84.1,21.8,,,,
MS,2017,8.3,5.2,285.7,110281.4,-4.0,10.4,12.2,12.7,12.4,,,84.4,21.9,,,,
MS,2018,8.5,4.9,234.4,113166.4,-4.0,,,,,,,,,,,,
MS,2019,8.6,5.5,277.9,116135.7,-4.0,,,,,,,,,,,,
MS,2020,9.9,7.9,,117441.6,-4.0,,,,,,,,,,,,
MO,1988,20.5,5.7,552.5,,-3.0,,,,,,,,,,,,
MO,1992,16.9,6.1,740.4,,-3.0,,,,,,,,,,,,
MO,1996,13.4,4.7,590.9,,-3.0,,,,,,,,,,,,
MO,2000,14.4,3.4,490.0,187012.8,-3.0,,,,,,,,,,,,
MO,2005,12.5,5.4,526.0,227594.6,-3.0,,,,,,,,,,,,
MO,2006,12.6,4.9,545.9,235816.9,-3.0,,,,,,,,,,,,
MO,2007,12.8,5.1,560.7,244085.3,-3.0,,,,,,,,,,,,
MO,2008,12.8,6.1,502.4,256431.1,-3.0,,,,,,,,,,,,
MO,2009,11.5,9.1,492.9,254306.2,-3.0,,,,,,,,,,,,
MO,2010,10.1,9.4,457.7,262013.4,-3.0,9.9,12.9,12.5,14.9,48.9,51.1,86.9,25.6,44301.0,97.8,2.1,0.1
MO,2011,9.8,8.6,447.5,263330.0,-3.0,9.8,13.1,12.3,14.5,49.0,51.0,87.6,26.1,,97.6,2.3,0.1
MO,2012,9.4,7.1,450.9,272482.4,-3.0,9.9,13.1,12.1,14.2,49.0,51.0,88.0,26.4,,97.6,2.2,0.1
MO,2013,9.0,6.8,433.4,282659.7,-3.0,9.9,13.2,12.0,13.9,,,88.7,27.0,,,,
MO,2014,7.8,6.2,442.9,289340.7,-3.0,9.8,13.1,12.1,13.6,,,88.9,27.5,,,,
MO,2015,8.2,5.1,497.4,299597.7,-3.0,9.8,13.1,12.1,13.3,,,88.9,27.8,,,,
MO,2016,8.6,4.6,519.4,304143.3,-3.0,9.6,13.1,12.1,13.0,,,89.6,28.5,,,,
MO,2017,8.4,3.8,530.3,311273.8,-3.0,9.4,13.3,11.9,12.7,,,89.7,29.1,,,,
MO,2018,8.5,3.2,502.1,320451.6,-3.0,,,,,,,,,,,,
MO,2019,8.6,3.2,495.0,334750.2,-3.0,,,,,,,,,,,,
MO,2020,9.9,6.1,,335970.8,-3.0,,,,,,,,,,,,
MT,1988,13.2,6.6,123.0,,3.0,,,,,,,,,,,,
MT,1992,15.7,6.7,169.9,,3.0,,,,,,,,,,,,
MT,1996,12.8,5.5,161.0,,3.0,,,,,,,,,,,,
MT,2000,12.0,4.8,311.1,21935.4,3.0,,,,,,,,,,,,
MT,2005,11.2,4.1,282.0,30823.7,3.0,,,,,,,,,,,,
MT,2006,11.4,3.4,377.3,33088.0,3.0,,,,,,,,,,,,
MT,2007,11.7,3.4,379.8,36116.1,3.0,,,,,,,,,,,,
MT,2008,11.3,4.7,311.4,37028.0,3.0,,,,,,,,,,,,
MT,2009,11.1,7.1,287.0,35880.0,3.0,,,,,,,,,,,,
MT,2010,11.0,7.2,275.8,38080.3,3.0,9.6,12.2,11.5,15.1,50.4,49.6,91.7,28.8,42666.0,97.6,2.2,0.2
MT,2011,11.0,6.6,276.1,40592.3,3.0,9.9,12.5,11.1,14.5,50.1,49.9,92.3,28.2,,97.6,2.2,0.2
MT,2012,10.0,5.8,272.2,42150.2,3.0,9.8,12.3,11.4,14.1,50.1,49.9,92.8,29.4,,97.4,2.4,0.1
MT,2013,9.0,5.3,252.9,43584.0,3.0,10.0,12.5,11.3,13.2,,,92.7,29.0,,,,
MT,2014,8.2,4.6,323.7,45203.8,3.0,10.1,12.5,11.2,12.8,,,92.6,29.3,,,,
MT,2015,8.2,4.3,349.6,46542.4,3.0,9.7,12.5,11.5,12.5,,,93.5,30.6,,,,
MT,2016,8.1,4.3,368.3,45859.4,3.0,9.7,12.2,11.5,12.3,,,92.8,31.0,,,,
MT,2017,7.9,4.1,377.1,48470.5,3.0,9.2,12.6,11.9,11.7,,,93.0,32.3,,,,
MT,2018,7.7,3.7,374.1,51152.1,3.0,,,,,,,,,,,,
MT,2019,7.5,3.5,404.9,52715.6,3.0,,,,,,,,,,,,
MT,2020,7.6,5.8,,53057.3,3.0,,,,,,,,,,,,
NE,1988,15.5,3.5,273.2,,-2.0,,,,,,,,,,,,
NE,1992,13.8,2.8,348.6,,-2.0,,,,,,,,,,,,
NE,1996,10.7,2.7,434.7,,-2.0,,,,,,,,,,,,
NE,2000,10.7,2.8,327.6,56582.7,-2.0,,,,,,,,,,,,
NE,2005,8.4,3.8,287.0,74886.7,-2.0,,,,,,,,,,,,
NE,2006,7.6,3.1,293.9,79287.5,-2.0,,,,,,,,,,,,
NE,2007,7.1,3.0,311.3,84291.9,-2.0,,,,,,,,,,,,
NE,2008,8.1,3.2,312.3,86146.6,-2.0,,,,,,,,,,,,
NE,2009,7.4,4.6,289.4,87325.5,-2.0,,,,,,,,,,,,
NE,2010,6.8,4.7,278.3,91940.7,-2.0,10.1,13.2,12.2,14.1,49.5,50.5,90.4,28.6,48408.0,97.8,1.9,0.3
NE,2011,7.1,4.4,253.6,100526.5,-2.0,10.1,13.3,12.0,13.9,49.5,50.5,91.0,27.9,,97.8,2.1,0.1
NE,2012,7.0,3.9,259.4,102949.7,-2.0,10.0,13.4,12.0,13.5,49.7,50.3,90.5,29.0,,97.9,1.9,0.1
NE,2013,6.8,3.7,262.1,107247.0,-2.0,10.1,13.4,12.0,13.1,,,90.2,29.4,,,,
NE,2014,6.5,3.2,280.4,112763.3,-2.0,10.0,13.5,12.1,12.6,,,90.3,29.5,,,,
NE,2015,6.2,3.0,274.9,117402.3,-2.0,10.2,13.3,12.3,12.2,,,91.0,30.2,,,,
NE,2016,5.9,3.1,291.0,119389.8,-2.0,9.9,13.4,12.2,12.0,,,90.9,31.4,,,,
NE,2017,6.1,3.0,305.9,123219.9,-2.0,9.7,13.5,12.3,11.7,,,91.3,31.7,,,,
NE,2018,5.8,2.9,284.8,127954.4,-2.0,,,,,,,,,,,,
NE,2019,5.5,3.1,300.9,132848.2,-2.0,,,,,,,,,,,,
NE,2020,5.4,4.3,,135014.5,-2.0,,,,,,,,,,,,
NV,1988,37.2,5.2,780.7,,0.0,,,,,,,,,,,,
NV,1992,40.4,6.8,696.8,,0.0,,,,,,,,,,,,
NV,1996,38.4,5.1,811.3,,0.0,,,,,,,,,,,,
NV,2000,30.1,4.2,524.2,77181.5,0.0,,,,,,,,,,,,
NV,2005,25.8,4.2,608.0,117165.1,0.0,,,,,,,,,,,,
NV,2006,25.5,4.1,748.8,126613.4,0.0,,,,,,,,,,,,
NV,2007,25.3,4.8,754.9,132045.4,0.0,,,,,,,,,,,,
NV,2008,23.8,6.9,729.7,130570.9,0.0,,,,,,,,,,,,
NV,2009,23.3,11.1,705.2,122471.2,0.0,,,,,,,,,,,,
NV,2010,22.9,13.3,663.0,125149.0,0.0,9.3,14.3,14.2,13.8,50.5,49.5,84.7,21.7,51001.0,96.1,3.4,0.5
NV,2011,21.8,13.0,568.1,128638.4,0.0,9.2,14.2,14.0,13.8,50.4,49.6,84.0,22.5,,96.1,3.6,0.2
NV,2012,19.5,11.5,607.6,130238.2,0.0,9.2,14.3,13.8,13.6,50.4,49.6,84.9,22.4,,95.9,3.8,0.4
NV,2013,17.2,10.0,603.0,133592.5,0.0,9.2,14.3,13.6,13.6,,,85.2,22.5,,,,
NV,2014,19.3,8.2,635.6,136918.4,0.0,9.1,14.3,13.5,13.5,,,85.1,23.1,,,,
NV,2015,17.9,6.9,695.9,145786.8,0.0,8.8,14.2,13.4,13.5,,,85.6,23.6,,,,
NV,2016,16.5,5.8,678.1,153318.0,0.0,8.6,14.4,13.3,13.3,,,86.0,23.5,,,,
NV,2017,16.6,5.0,555.9,163199.1,0.0,8.4,14.5,13.3,13.2,,,86.8,24.9,,,,
NV,2018,16.7,4.4,541.1,172547.9,0.0,,,,,,,,,,,,
NV,2019,16.7,4.1,493.8,184611.1,0.0,,,,,,,,,,,,
NV,2020,17.7,13.5,,176178.7,0.0,,,,,,,,,,,,
NH,1988,21.9,2.4,147.9,,0.0,,,,,,,,,,,,
NH,1992,16.9,7.3,125.7,,0.0,,,,,,,,,,,,
NH,1996,17.5,3.8,118.2,,0.0,,,,,,,,,,,,
NH,2000,14.9,2.7,175.4,45604.9,0.0,,,,,,,,,,,,
NH,2005,11.5,3.6,135.0,56914.6,0.0,,,,,,,,,,,,
NH,2006,11.4,3.5,138.8,60152.7,0.0,,,,,,,,,,,,
NH,2007,11.5,3.5,144.1,61984.8,0.0,,,,,,,,,,,,
NH,2008,11.1,3.8,156.1,62095.3,0.0,,,,,,,,,,,,
NH,2009,11.2,6.1,160.4,63052.2,0.0,,,,,,,,,,,,
NH,2010,11.4,6.1,167.4,65310.8,0.0,9.4,10.9,13.6,17.1,49.2,50.8,91.5,32.8,61042.0,98.4,1.5,0.1
NH,2011,11.6,5.5,217.3,66557.3,0.0,9.4,11.1,13.2,16.9,49.4,50.6,91.4,33.4,,98.3,1.6,0.1
NH,2012,10.6,5.5,187.9,68412.0,0.0,9.5,11.2,12.8,16.6,49.1,50.9,91.8,34.6,,98.2,1.6,0.2
NH,2013,9.6,5.2,215.3,70897.4,0.0,9.7,11.3,12.3,16.3,,,92.8,34.6,,,,
NH,2014,10.3,4.3,196.1,73455.1,0.0,9.7,11.7,12.0,15.8,,,92.2,35.0,,,,
NH,2015,10.2,3.4,199.3,77385.8,0.0,9.8,11.7,11.8,15.4,,,93.1,35.7,,,,
NH,2016,9.9,2.9,197.6,79759.7,0.0,9.5,12.0,11.4,15.2,,,92.8,36.6,,,,
NH,2017,9.6,2.8,198.7,81179.6,0.0,9.4,12.2,11.3,14.6,,,93.1,36.9,,,,
NH,2018,9.6,2.6,173.2,83859.4,0.0,,,,,,,,,,,,
NH,2019,9.6,2.6,152.5,87868.2,0.0,,,,,,,,,,,,
NH,2020,8.7,6.7,,89041.6,0.0,,,,,,,,,,,,
NJ,1988,36.0,3.8,582.8,,2.0,,,,,,,,,,,,
NJ,1992,32.1,8.5,625.8,,2.0,,,,,,,,,,,,
NJ,1996,35.4,6.1,531.5,,2.0,,,,,,,,,,,,
NJ,2000,36.4,3.7,383.8,360530.4,2.0,,,,,,,,,,,,
NJ,2005,33.8,4.4,355.0,436064.4,2.0,,,,,,,,,,,,
NJ,2006,32.7,4.7,350.2,457681.5,2.0,,,,,,,,,,,,
NJ,2007,31.6,4.2,328.6,474539.6,2.0,,,,,,,,,,,,
NJ,2008,31.2,5.4,326.5,493289.4,2.0,,,,,,,,,,,,
NJ,2009,29.8,8.9,311.4,481452.7,2.0,,,,,,,,,,,,
NJ,2010,28.3,9.7,307.5,491229.0,2.0,8.7,12.6,14.1,15.7,48.7,51.3,88.0,35.4,67681.0,97.4,2.4,0.2
NJ,2011,27.0,9.4,307.9,494292.8,2.0,8.8,12.7,13.8,15.6,48.7,51.3,88.1,35.3,,97.5,2.3,0.2
NJ,2012,26.0,9.4,290.2,516098.2,2.0,8.9,12.7,13.5,15.4,48.7,51.3,88.3,36.2,,97.5,2.3,0.2
NJ,2013,25.4,8.4,288.5,534212.1,2.0,8.9,12.8,13.3,15.2,,,88.5,36.6,,,,
NJ,2014,25.9,6.7,261.2,543824.1,2.0,8.9,12.8,13.2,15.0,,,89.1,37.4,,,,
NJ,2015,27.0,5.7,255.4,565807.7,2.0,8.8,12.9,13.0,14.8,,,89.1,37.6,,,,
NJ,2016,28.2,4.9,245.0,578651.4,2.0,8.8,12.9,12.9,14.5,,,89.3,38.6,,,,
NJ,2017,28.0,4.5,228.8,590086.7,2.0,8.8,12.9,12.9,14.2,,,89.9,39.7,,,,
NJ,2018,28.3,4.0,208.1,619340.2,2.0,,,,,,,,,,,,
NJ,2019,28.6,3.5,206.9,643317.7,2.0,,,,,,,,,,,,
NJ,2020,28.9,9.5,,632562.3,2.0,,,,,,,,,,,,
NM,1988,23.4,7.6,658.1,,3.0,,,,,,,,,,,,
NM,1992,21.4,7.3,934.9,,3.0,,,,,,,,,,,,
NM,1996,16.8,7.6,840.6,,3.0,,,,,,,,,,,,
NM,2000,17.6,5.0,757.9,55002.2,3.0,,,,,,,,,,,,
NM,2005,16.9,5.2,646.0,74130.9,3.0,,,,,,,,,,,,
NM,2006,17.7,4.2,654.7,78008.2,3.0,,,,,,,,,,,,
NM,2007,18.5,3.6,675.7,81100.3,3.0,,,,,,,,,,,,
NM,2008,17.0,4.4,653.5,84339.7,3.0,,,,,,,,,,,,
NM,2009,16.2,7.1,632.4,82641.3,3.0,,,,,,,,,,,,
NM,2010,15.3,7.8,588.0,84862.6,3.0,10.0,12.8,12.2,14.1,49.4,50.6,83.3,25.0,42090.0,97.1,2.7,0.2
NM,2011,13.8,7.2,572.7,87056.0,3.0,10.1,13.2,11.8,13.7,49.8,50.2,83.2,25.6,,96.9,2.9,0.2
NM,2012,12.1,6.9,559.1,87681.0,3.0,10.0,13.2,11.9,13.3,49.6,50.4,84.4,26.1,,96.8,3.0,0.1
NM,2013,10.4,6.9,613.0,88773.3,3.0,10.3,13.0,11.9,12.9,,,84.3,26.4,,,,
NM,2014,10.1,6.6,597.4,92523.4,3.0,10.1,13.2,11.8,12.7,,,84.2,26.4,,,,
NM,2015,10.3,6.6,656.1,90779.4,3.0,10.0,13.1,11.8,12.3,,,84.6,26.5,,,,
NM,2016,10.6,6.8,702.5,90476.0,3.0,9.6,13.3,12.0,12.0,,,85.4,27.2,,,,
NM,2017,9.7,6.1,783.5,93210.1,3.0,9.9,13.1,12.0,11.5,,,86.1,27.1,,,,
NM,2018,9.5,4.9,856.6,98838.2,3.0,,,,,,,,,,,,
NM,2019,9.4,5.0,832.2,103821.0,3.0,,,,,,,,,,,,
NM,2020,9.9,7.9,,101035.5,3.0,,,,,,,,,,,,
NY,1988,41.5,4.2,1097.3,,1.0,,,,,,,,,,,,
NY,1992,44.6,8.7,1122.1,,1.0,,,,,,,,,,,,
NY,1996,38.8,6.2,727.0,,1.0,,,,,,,,,,,,
NY,2000,38.3,4.5,553.9,839853.0,1.0,,,,,,,,,,,,
NY,2005,37.0,5.0,444.0,1009851.0,1.0,,,,,,,,,,,,
NY,2006,36.2,4.5,435.2,1072271.8,1.0,,,,,,,,,,,,
NY,2007,35.5,4.4,414.4,1116265.3,1.0,,,,,,,,,,,,
NY,2008,36.7,5.4,397.9,1107860.2,1.0,,,,,,,,,,,,
NY,2009,35.6,8.4,384.4,1155492.3,1.0,,,,,,,,,,,,
NY,2010,34.5,8.7,394.4,1217748.0,1.0,10.3,13.7,13.5,14.8,48.4,51.6,84.9,32.5,54148.0,97.4,2.5,0.2
NY,2011,33.7,8.4,397.2,1245769.4,1.0,10.2,13.9,13.2,14.7,48.5,51.5,85.0,32.9,,97.3,2.5,0.2
NY,2012,31.4,8.6,406.8,1324471.3,1.0,10.2,14.1,13.0,14.5,48.5,51.5,85.3,33.4,,97.3,2.5,0.2
NY,2013,29.0,7.8,393.7,1364632.9,1.0,10.1,14.2,12.8,14.3,,,85.6,34.1,,,,
NY,2014,29.3,6.3,381.8,1434606.3,1.0,10.0,14.4,12.7,14.1,,,85.7,34.5,,,,
NY,2015,28.5,5.2,379.7,1498474.7,1.0,9.8,14.5,12.6,13.9,,,86.0,35.0,,,,
NY,2016,27.4,4.9,376.2,1556830.0,1.0,9.7,14.6,12.5,13.7,,,86.3,35.7,,,,
NY,2017,26.3,4.6,356.7,1624800.7,1.0,9.4,14.7,12.5,13.4,,,86.6,36.0,,,,
NY,2018,27.9,4.1,350.5,1710665.6,1.0,,,,,,,,,,,,
NY,2019,29.5,3.9,358.6,1787470.9,1.0,,,,,,,,,,,,
NY,2020,27.6,9.8,,1782502.4,1.0,,,,,,,,,,,,
NC,1988,24.2,3.7,501.9,,-2.0,,,,,,,,,,,,
NC,1992,20.9,6.3,681.0,,-2.0,,,,,,,,,,,,
NC,1996,18.0,4.4,588.1,,-2.0,,,,,,,,,,,,
NC,2000,18.8,3.8,497.6,277556.1,-2.0,,,,,,,,,,,,
NC,2005,16.1,5.2,469.0,354798.5,-2.0,,,,,,,,,,,,
NC,2006,16.0,4.7,475.2,388012.1,-2.0,,,,,,,,,,,,
NC,2007,15.8,4.7,466.1,402188.3,-2.0,,,,,,,,,,,,
NC,2008,15.0,5.9,467.6,420707.2,-2.0,,,,,,,,,,,,
NC,2009,14.6,10.8,404.5,413096.8,-2.0,,,,,,,,,,,,
NC,2010,14.2,10.8,362.7,422282.2,-2.0,10.0,13.0,14.0,14.2,48.7,51.3,84.7,26.5,43326.0,97.7,2.1,0.2
NC,2011,12.8,10.4,346.3,430040.1,-2.0,10.0,12.9,13.7,14.2,48.5,51.5,84.7,26.9,,97.9,1.9,0.2
NC,2012,13.2,9.6,353.4,444063.2,-2.0,10.0,12.8,13.6,14.0,48.7,51.3,85.2,27.4,,97.7,2.1,0.2
NC,2013,13.6,7.8,342.2,460946.4,-2.0,10.1,12.9,13.4,13.7,,,85.7,28.4,,,,
NC,2014,13.3,6.1,329.5,482295.7,-2.0,10.0,12.9,13.3,13.7,,,86.4,28.7,,,,
NC,2015,12.5,5.7,347.0,508672.4,-2.0,9.9,12.9,13.1,13.6,,,86.6,29.4,,,,
NC,2016,11.6,5.1,372.2,528284.3,-2.0,9.6,13.0,12.9,13.7,,,87.3,30.4,,,,
NC,2017,12.4,4.5,363.7,546810.1,-2.0,9.5,13.2,12.7,13.5,,,87.8,31.3,,,,
NC,2018,12.2,4.0,377.6,568037.3,-2.0,,,,,,,,,,,,
NC,2019,12.0,3.9,371.8,592449.6,-2.0,,,,,,,,,,,,
NC,2020,13.0,7.2,,600226.9,-2.0,,,,,,,,,,,,
ND,1988,10.4,4.7,59.1,,-3.0,,,,,,,,,,,,
ND,1992,8.6,4.5,83.3,,-3.0,,,,,,,,,,,,
ND,1996,7.4,3.2,84.0,,-3.0,,,,,,,,,,,,
ND,2000,7.0,2.9,81.4,18115.1,-3.0,,,,,,,,,,,,
ND,2005,6.9,3.3,111.0,24572.0,-3.0,,,,,,,,,,,,
ND,2006,7.0,3.1,197.4,26406.5,-3.0,,,,,,,,,,,,
ND,2007,7.1,3.0,209.9,29044.6,-3.0,,,,,,,,,,,,
ND,2008,7.9,3.0,224.6,32027.7,-3.0,,,,,,,,,,,,
ND,2009,7.8,3.9,266.4,32310.4,-3.0,,,,,,,,,,,,
ND,2010,7.6,3.7,229.5,35651.8,-3.0,12.0,13.2,11.4,14.3,50.9,49.1,90.3,27.6,48670.0,98.0,1.9,0.1
ND,2011,7.1,3.3,248.1,41602.1,-3.0,12.4,13.7,11.0,13.8,50.3,49.7,90.7,26.3,,98.1,1.7,0.1
ND,2012,6.8,2.9,244.7,52079.1,-3.0,12.5,14.1,11.1,13.2,51.1,48.9,91.7,27.9,,98.0,2.0,0.0
ND,2013,6.4,2.9,270.1,54877.0,-3.0,13.1,14.1,11.2,12.6,,,91.5,27.1,,,,
ND,2014,7.1,2.7,265.1,61108.3,-3.0,12.6,14.6,11.1,12.3,,,92.2,27.4,,,,
ND,2015,6.7,2.8,239.4,56952.2,-3.0,12.4,15.1,11.4,11.7,,,92.5,29.1,,,,
ND,2016,6.6,3.0,251.1,52666.3,-3.0,11.7,15.3,11.4,11.5,,,92.4,29.6,,,,
ND,2017,6.6,2.6,281.3,56530.2,-3.0,11.4,15.1,11.8,10.9,,,92.9,30.7,,,,
ND,2018,6.5,2.4,280.6,60377.1,-3.0,,,,,,,,,,,,
ND,2019,6.4,2.2,284.6,60892.5,-3.0,,,,,,,,,,,,
ND,2020,6.4,5.0,,56321.4,-3.0,,,,,,,,,,,,
OH,1988,20.0,6.0,452.0,,-4.0,,,,,,,,,,,,
OH,1992,18.2,7.4,525.9,,-4.0,,,,,,,,,,,,
OH,1996,16.4,5.0,428.7,,-4.0,,,,,,,,,,,,
OH,2000,15.6,4.1,334.1,391032.3,-4.0,,,,,,,,,,,,
OH,2005,14.2,5.9,350.0,470179.5,-4.0,,,,,,,,,,,,
OH,2006,14.2,5.4,361.5,482904.0,-4.0,,,,,,,,,,,,
OH,2007,14.2,5.6,355.4,497600.1,-4.0,,,,,,,,,,,,
OH,2008,14.2,6.6,352.0,500916.4,-4.0,,,,,,,,,,,,
OH,2009,13.7,10.2,331.9,484407.1,-4.0,,,,,,,,,,,,
OH,2010,13.0,10.0,314.7,500274.2,-4.0,9.5,12.3,12.8,15.1,48.8,51.2,88.1,24.6,45090.0,97.9,1.9,0.2
OH,2011,12.6,8.8,305.2,525456.4,-4.0,9.6,12.3,12.6,14.8,48.9,51.1,88.3,24.7,,97.7,2.1,0.2
OH,2012,11.8,7.4,299.7,543035.4,-4.0,9.6,12.4,12.4,14.5,48.9,51.1,88.8,25.2,,97.7,2.1,0.2
OH,2013,11.0,7.4,286.2,566419.9,-4.0,9.7,12.5,12.2,14.1,,,89.0,26.1,,,,
OH,2014,10.5,5.8,284.9,597152.3,-4.0,9.5,12.7,12.2,13.8,,,89.4,26.6,,,,
OH,2015,9.9,5.0,291.9,615275.5,-4.0,9.4,12.8,12.1,13.6,,,89.7,26.8,,,,
OH,2016,9.4,5.0,300.3,627294.7,-4.0,9.3,12.9,11.9,13.3,,,90.0,27.5,,,,
OH,2017,9.4,4.9,297.5,652187.5,-4.0,9.2,13.1,11.9,13.0,,,90.3,28.0,,,,
OH,2018,9.4,4.5,279.9,672540.1,-4.0,,,,,,,,,,,,
OH,2019,9.5,4.1,293.2,702914.8,-4.0,,,,,,,,,,,,
OH,2020,9.9,8.2,,692938.3,-4.0,,,,,,,,,,,,
OK,1988,17.2,6.4,434.5,,-2.0,,,,,,,,,,,,
OK,1992,12.7,5.9,622.8,,-2.0,,,,,,,,,,,,
OK,1996,11.7,4.0,597.1,,-2.0,,,,,,,,,,,,
OK,2000,10.6,3.0,497.8,91645.7,-2.0,,,,,,,,,,,,
OK,2005,10.3,4.3,509.0,125961.4,-2.0,,,,,,,,,,,,
OK,2006,10.3,3.9,500.2,138352.3,-2.0,,,,,,,,,,,,
OK,2007,10.3,4.0,504.1,146582.4,-2.0,,,,,,,,,,,,
OK,2008,10.3,3.6,531.5,161609.0,-2.0,,,,,,,,,,,,
OK,2009,9.6,6.5,503.4,147332.4,-2.0,,,,,,,,,,,,
OK,2010,8.8,6.5,481.4,155267.5,-2.0,10.1,13.5,12.4,14.0,49.3,50.7,86.2,22.9,42072.0,92.1,7.6,0.3
OK,2011,7.9,5.6,457.5,167207.9,-2.0,10.2,13.5,12.3,13.6,49.5,50.5,86.3,23.8,,92.0,7.6,0.3
OK,2012,7.8,5.1,469.3,175361.2,-2.0,10.3,13.5,12.3,13.3,49.5,50.5,86.7,23.8,,92.3,7.4,0.3
OK,2013,7.6,5.1,441.2,184104.6,-2.0,10.3,13.6,12.3,12.8,,,86.7,23.8,,,,
OK,2014,6.8,4.3,406.0,197074.1,-2.0,10.2,13.6,12.3,12.6,,,87.3,24.2,,,,
OK,2015,6.2,4.3,422.0,187364.7,-2.0,10.0,13.7,12.3,12.3,,,87.3,24.6,,,,
OK,2016,5.9,4.6,449.8,182238.8,-2.0,9.9,13.7,12.2,12.3,,,87.8,25.2,,,,
OK,2017,6.2,4.0,456.2,192538.6,-2.0,9.7,13.7,12.4,11.9,,,88.1,25.5,,,,
OK,2018,8.5,3.3,466.1,204193.9,-2.0,,,,,,,,,,,,
OK,2019,10.8,3.1,431.8,205992.7,-2.0,,,,,,,,,,,,
OK,2020,10.7,6.3,,192222.0,-2.0,,,,,,,,,,,,
OR,1988,23.4,5.7,545.7,,2.0,,,,,,,,,,,,
OR,1992,21.7,7.3,510.2,,2.0,,,,,,,,,,,,
OR,1996,19.0,5.6,463.1,,2.0,,,,,,,,,,,,
OR,2000,21.1,5.2,350.7,117057.2,2.0,,,,,,,,,,,,
OR,2005,16.3,6.2,287.0,143556.3,2.0,,,,,,,,,,,,
OR,2006,16.5,5.4,284.6,153779.6,2.0,,,,,,,,,,,,
OR,2007,16.7,5.2,293.9,159676.2,2.0,,,,,,,,,,,,
OR,2008,15.7,6.3,261.4,164122.9,2.0,,,,,,,,,,,,
OR,2009,14.6,10.6,260.6,159330.4,2.0,,,,,,,,,,,,
OR,2010,13.6,10.6,251.4,163150.5,2.0,9.3,13.7,13.0,14.1,49.5,50.5,88.8,28.8,46560.0,96.4,3.3,0.2
OR,2011,13.2,9.5,249.3,169693.8,2.0,9.4,13.7,12.9,13.7,49.4,50.6,89.4,29.3,,96.5,3.2,0.3
OR,2012,12.1,8.7,247.6,173856.8,2.0,9.4,13.7,13.0,13.4,49.6,50.4,89.9,29.9,,96.0,3.7,0.3
OR,2013,11.2,7.8,254.0,178975.4,2.0,9.3,13.6,13.1,13.0,,,89.7,30.7,,,,
OR,2014,11.3,6.7,232.3,187837.6,2.0,9.2,13.6,13.1,12.8,,,89.7,30.8,,,,
OR,2015,11.4,5.5,259.8,200592.6,2.0,9.0,13.7,13.1,12.9,,,90.0,32.2,,,,
OR,2016,11.4,4.8,264.6,211782.4,2.0,9.0,14.0,13.0,12.6,,,90.3,32.7,,,,
OR,2017,11.0,4.1,281.8,225534.5,2.0,8.9,14.0,13.3,12.5,,,91.0,33.7,,,,
OR,2018,10.7,4.0,285.5,238466.9,2.0,,,,,,,,,,,,
OR,2019,10.5,3.7,284.4,248781.8,2.0,,,,,,,,,,,,
OR,2020,9.7,7.6,,250660.6,2.0,,,,,,,,,,,,
PA,1988,19.6,5.2,362.0,,-3.0,,,,,,,,,,,,
PA,1992,18.9,7.4,427.0,,-3.0,,,,,,,,,,,,
PA,1996,15.9,5.5,480.3,,-3.0,,,,,,,,,,,,
PA,2000,15.5,4.2,420.0,409330.2,-3.0,,,,,,,,,,,,
PA,2005,15.3,5.0,425.0,510763.9,-3.0,,,,,,,,,,,,
PA,2006,16.1,4.7,442.3,528771.2,-3.0,,,,,,,,,,,,
PA,2007,17.2,4.6,416.7,563238.6,-3.0,,,,,,,,,,,,
PA,2008,19.0,5.4,410.0,586886.6,-3.0,,,,,,,,,,,,
PA,2009,18.3,8.0,382.3,581219.9,-3.0,,,,,,,,,,,,
PA,2010,17.3,8.2,366.5,604629.6,-3.0,10.0,11.9,12.7,15.2,48.7,51.3,88.4,27.1,49288.0,98.1,1.8,0.1
PA,2011,16.1,7.7,362.4,623767.9,-3.0,9.9,12.1,12.4,15.1,48.8,51.2,88.6,27.0,,98.1,1.8,0.1
PA,2012,15.1,7.6,348.7,646434.3,-3.0,9.9,12.3,12.2,14.7,48.8,51.2,88.9,27.8,,97.9,1.9,0.1
PA,2013,14.3,7.1,335.4,670767.4,-3.0,9.8,12.5,12.0,14.4,,,89.2,28.7,,,,
PA,2014,14.2,6.0,314.1,695546.6,-3.0,9.6,12.8,11.9,14.1,,,89.4,29.0,,,,
PA,2015,14.4,5.4,315.1,716534.3,-3.0,9.5,12.9,11.7,13.9,,,89.7,29.7,,,,
PA,2016,14.6,5.3,316.4,733165.9,-3.0,9.3,13.1,11.6,13.6,,,90.1,30.8,,,,
PA,2017,14.2,5.0,313.3,754318.0,-3.0,9.2,13.1,11.6,13.3,,,90.6,31.4,,,,
PA,2018,13.9,4.4,306.0,780620.7,-3.0,,,,,,,,,,,,
PA,2019,13.7,4.3,306.4,802233.1,-3.0,,,,,,,,,,,,
PA,2020,14.7,8.8,,778297.2,-3.0,,,,,,,,,,,,
RI,1988,24.2,3.0,396.7,,-3.0,,,,,,,,,,,,
RI,1992,24.6,9.0,394.5,,-3.0,,,,,,,,,,,,
RI,1996,22.8,5.2,347.2,,-3.0,,,,,,,,,,,,
RI,2000,21.1,4.0,297.7,34608.5,-3.0,,,,,,,,,,,,
RI,2005,20.5,5.1,252.0,44413.3,-3.0,,,,,,,,,,,,
RI,2006,20.2,5.2,230.4,47165.3,-3.0,,,,,,,,,,,,
RI,2007,20.0,5.1,229.1,47490.1,-3.0,,,,,,,,,,,,
RI,2008,19.9,7.6,252.8,47138.9,-3.0,,,,,,,,,,,,
RI,2009,18.9,11.2,254.3,47647.2,-3.0,,,,,,,,,,,,
RI,2010,18.0,11.6,257.4,49409.1,-3.0,11.3,12.0,13.1,15.3,48.3,51.7,83.5,30.2,52254.0,97.3,2.5,0.3
RI,2011,17.3,11.1,246.1,50123.7,-3.0,11.4,12.3,12.8,15.1,48.4,51.6,84.8,31.1,,97.3,2.5,0.3
RI,2012,16.1,10.3,252.4,51527.5,-3.0,11.5,12.3,12.4,15.0,48.3,51.7,86.1,31.4,,97.2,2.5,0.3
RI,2013,14.8,9.5,257.2,52994.2,-3.0,11.3,12.8,12.1,14.7,,,85.9,32.4,,,,
RI,2014,15.3,7.8,219.2,54612.5,-3.0,11.1,13.1,12.0,14.5,,,85.8,30.4,,,,
RI,2015,15.7,6.0,242.5,56604.0,-3.0,10.8,13.5,11.7,14.1,,,87.7,32.7,,,,
RI,2016,16.0,5.2,238.9,57714.6,-3.0,10.8,13.5,11.6,13.9,,,88.5,34.1,,,,
RI,2017,15.8,4.5,232.2,58771.6,-3.0,10.9,13.8,11.6,13.5,,,88.3,33.5,,,,
RI,2018,15.3,4.0,219.1,60064.9,-3.0,,,,,,,,,,,,
RI,2019,14.5,3.5,221.1,62814.7,-3.0,,,,,,,,,,,,
RI,2020,14.0,9.2,,61980.9,-3.0,,,,,,,,,,,,
SC,1988,19.8,4.6,741.2,,-4.0,,,,,,,,,,,,
SC,1992,16.8,6.7,944.5,,-4.0,,,,,,,,,,,,
SC,1996,14.3,5.7,996.9,,-4.0,,,,,,,,,,,,
SC,2000,13.7,3.7,828.1,115332.7,-4.0,,,,,,,,,,,,
SC,2005,14.9,6.8,767.0,145195.8,-4.0,,,,,,,,,,,,
SC,2006,15.0,6.3,771.1,153453.4,-4.0,,,,,,,,,,,,
SC,2007,15.0,5.6,785.7,162476.3,-4.0,,,,,,,,,,,,
SC,2008,14.3,6.9,731.0,164471.2,-4.0,,,,,,,,,,,,
SC,2009,14.1,11.0,675.2,162380.4,-4.0,,,,,,,,,,,,
SC,2010,13.9,11.1,602.2,166767.4,-4.0,10.4,12.7,13.0,14.2,48.6,51.4,84.1,24.5,42018.0,98.2,1.7,0.1
SC,2011,12.5,10.3,596.9,172844.7,-4.0,10.4,12.6,12.9,13.9,48.6,51.4,84.2,24.1,,98.2,1.7,0.1
SC,2012,12.3,9.0,558.8,178503.9,-4.0,10.4,12.7,12.7,13.7,48.6,51.4,84.9,25.1,,98.0,1.9,0.1
SC,2013,12.1,7.4,508.5,186268.3,-4.0,10.4,12.7,12.5,13.6,,,85.6,26.1,,,,
SC,2014,11.6,6.3,497.7,195744.4,-4.0,10.1,12.8,12.5,13.4,,,86.1,26.3,,,,
SC,2015,11.5,5.9,504.5,207510.0,-4.0,9.9,12.9,12.3,13.3,,,86.3,26.8,,,,
SC,2016,11.4,4.9,501.8,217555.5,-4.0,9.5,13.0,12.3,13.0,,,86.6,27.2,,,,
SC,2017,11.8,4.2,506.2,224937.6,-4.0,9.5,12.9,12.3,12.8,,,87.4,28.0,,,,
SC,2018,11.7,3.4,488.3,236561.7,-4.0,,,,,,,,,,,,
SC,2019,11.5,2.8,511.3,249575.7,-4.0,,,,,,,,,,,,
SC,2020,11.9,6.0,,248952.7,-4.0,,,,,,,,,,,,
SD,1988,9.4,4.2,113.7,,-3.0,,,,,,,,,,,,
SD,1992,8.8,3.4,194.5,,-3.0,,,,,,,,,,,,
SD,1996,7.5,3.3,177.2,,-3.0,,,,,,,,,,,,
SD,2000,6.5,2.5,166.8,22866.7,-3.0,,,,,,,,,,,,
SD,2005,6.4,3.5,179.0,31104.3,-3.0,,,,,,,,,,,,
SD,2006,6.4,3.0,264.9,32559.3,-3.0,,,,,,,,,,,,
SD,2007,6.3,2.8,241.9,35282.6,-3.0,,,,,,,,,,,,
SD,2008,6.4,3.1,276.9,36939.3,-3.0,,,,,,,,,,,,
SD,2009,6.0,4.6,218.7,36732.1,-3.0,,,,,,,,,,,,
SD,2010,5.5,4.9,268.9,38208.2,-3.0,10.0,12.7,11.7,14.4,50.4,49.6,89.6,26.3,45904.0,98.0,1.8,0.1
SD,2011,5.5,4.6,255.6,42082.7,-3.0,10.3,12.7,11.7,14.0,49.8,50.2,90.6,26.3,,97.6,2.3,0.1
SD,2012,5.4,4.0,321.8,44127.3,-3.0,10.2,13.3,11.3,13.3,50.1,49.9,90.5,26.3,,97.9,2.0,0.1
SD,2013,5.3,3.7,316.5,45498.6,-3.0,10.1,13.1,11.5,12.9,,,91.6,26.6,,,,
SD,2014,5.1,3.4,326.5,47159.9,-3.0,10.2,13.1,11.4,12.5,,,91.7,27.8,,,,
SD,2015,4.9,3.0,383.1,48678.9,-3.0,10.0,13.0,11.5,12.2,,,91.1,27.5,,,,
SD,2016,4.6,3.0,418.4,49842.6,-3.0,9.9,12.9,11.4,11.8,,,91.2,28.9,,,,
SD,2017,4.7,3.0,433.6,51615.1,-3.0,9.4,13.3,11.5,11.4,,,91.7,28.1,,,,
SD,2018,4.6,2.8,404.7,53349.5,-3.0,,,,,,,,,,,,
SD,2019,4.6,2.7,399.0,55175.8,-3.0,,,,,,,,,,,,
SD,2020,4.1,4.1,,56847.3,-3.0,,,,,,,,,,,,
TN,1988,17.4,5.8,532.7,,-2.0,,,,,,,,,,,,
TN,1992,16.2,6.5,746.2,,-2.0,,,,,,,,,,,,
TN,1996,13.5,5.2,774.0,,-2.0,,,,,,,,,,,,
TN,2000,13.8,3.8,707.2,182209.7,-2.0,,,,,,,,,,,,
TN,2005,12.4,5.5,757.0,231339.0,-2.0,,,,,,,,,,,,
TN,2006,12.3,5.2,762.5,243104.4,-2.0,,,,,,,,,,,,
TN,2007,12.3,4.6,755.0,248261.6,-2.0,,,,,,,,,,,,
TN,2008,12.7,6.5,722.7,255546.7,-2.0,,,,,,,,,,,,
TN,2009,12.0,10.4,666.0,252940.7,-2.0,,,,,,,,,,,,
TN,2010,11.3,9.8,612.0,258657.6,-2.0,9.7,12.8,13.5,14.4,48.7,51.3,83.6,23.1,41461.0,98.3,1.6,0.1
TN,2011,10.7,9.0,607.8,270055.0,-2.0,9.7,13.0,13.1,14.4,48.7,51.3,84.2,23.6,,98.1,1.8,0.1
TN,2012,10.3,7.9,643.6,285897.5,-2.0,9.7,13.1,13.1,14.0,48.7,51.3,85.1,24.3,,98.2,1.7,0.1
TN,2013,9.9,7.7,590.6,296756.3,-2.0,9.8,13.0,13.0,13.8,,,85.6,24.8,,,,
TN,2014,9.5,6.5,608.4,307448.5,-2.0,9.6,13.0,12.9,13.6,,,85.8,25.3,,,,
TN,2015,9.1,5.5,612.1,326382.5,-2.0,9.6,13.1,12.7,13.5,,,86.1,25.7,,,,
TN,2016,8.6,4.7,632.9,339350.2,-2.0,9.3,13.3,12.6,13.4,,,87.0,26.1,,,,
TN,2017,8.5,3.7,651.5,355417.5,-2.0,9.2,13.5,12.5,13.3,,,87.8,27.3,,,,
TN,2018,8.3,3.5,623.7,369713.2,-2.0,,,,,,,,,,,,
TN,2019,8.1,3.3,595.2,385833.0,-2.0,,,,,,,,,,,,
TN,2020,7.8,7.4,,391588.6,-2.0,,,,,,,,,,,,
TX,1988,24.2,7.4,652.6,,-3.0,,,,,,,,,,,,
TX,1992,22.4,7.7,806.3,,-3.0,,,,,,,,,,,,
TX,1996,19.6,5.8,644.4,,-3.0,,,,,,,,,,,,
TX,2000,18.3,4.4,545.1,742161.5,-3.0,,,,,,,,,,,,
TX,2005,17.0,5.5,528.0,1003745.9,-3.0,,,,,,,,,,,,
TX,2006,16.3,5.0,517.3,1108236.5,-3.0,,,,,,,,,,,,
TX,2007,15.6,4.4,510.4,1198565.0,-3.0,,,,,,,,,,,,
TX,2008,15.9,4.9,508.0,1253142.0,-3.0,,,,,,,,,,,,
TX,2009,15.4,7.6,491.0,1179168.1,-3.0,,,,,,,,,,,,
TX,2010,14.6,8.3,448.4,1255660.8,-3.0,10.3,14.3,13.8,13.6,49.6,50.4,80.7,25.9,48615.0,97.8,2.0,0.1
TX,2011,13.3,8.0,408.6,1351776.9,-3.0,10.3,14.3,13.7,13.4,49.6,50.4,81.1,26.4,,97.7,2.2,0.1
TX,2012,12.6,6.7,408.6,1429588.0,-3.0,10.3,14.4,13.7,13.2,49.7,50.3,81.4,26.7,,97.6,2.2,0.1
TX,2013,12.0,6.3,408.3,1526781.9,-3.0,10.3,14.4,13.6,13.0,,,81.9,27.5,,,,
TX,2014,10.0,5.2,405.9,1592177.6,-3.0,10.2,14.5,13.6,12.8,,,82.2,27.8,,,,
TX,2015,9.7,4.5,412.2,1585985.9,-3.0,10.1,14.5,13.6,12.7,,,82.4,28.4,,,,
TX,2016,9.4,4.6,434.4,1582981.5,-3.0,10.0,14.6,13.5,12.6,,,82.9,28.9,,,,
TX,2017,9.5,4.4,438.9,1667313.0,-3.0,9.9,14.6,13.5,12.5,,,83.6,29.6,,,,
TX,2018,9.8,3.9,410.9,1808026.9,-3.0,,,,,,,,,,,,
TX,2019,10.0,3.5,418.9,1864872.3,-3.0,,,,,,,,,,,,
TX,2020,10.1,7.7,,1810670.2,-3.0,,,,,,,,,,,,
US,1973,16.3,,,,,,,,,,,,,,,,
US,1974,19.3,,,,,,,,,,,,,,,,
US,1975,21.7,,,,,,,,,,,,,,,,
US,1976,24.2,,,,,,,,,,,,,,,,
US,1977,26.4,,,,,,,,,,,,,,,,
US,1978,27.7,,,,,,,,,,,,,,,,
US,1979,28.8,,,,,,,,,,,,,,,,
US,1980,29.3,,,,,,,,,,,,,,,,
US,1981,29.3,,,,,,,,,,,,,,,,
US,1982,28.8,,,,,,,,,,,,,,,,
US,1983,28.5,,,,,,,,,,,,,,,,
US,1984,28.1,,,,,,,,,,,,,,,,
US,1985,28.0,,,,,,,,,,,,,,,,
US,1986,27.4,,,,,,,,,,,,,,,,
US,1987,26.9,,,,,,,,,,,,,,,,
US,1988,27.4,,,,,,,,,,,,,,,,
US,1989,26.8,,,,,,,,,,,,,,,,
US,1990,27.4,,,,,,,,,,,,,,,,
US,1991,26.2,,,,,,,,,,,,,,,,
US,1992,25.7,,,,,,,,,,,,,,,,
US,1993,25.0,,,,,,,,,,,,,,,,
US,1994,23.7,,,,,,,,,,,,,,,,
US,1995,22.5,,,,,,,,,,,,,,,,
US,1996,22.4,,,,,,,,,,,,,,,,
US,1997,21.9,,,,,,,,,,,,,,,,
US,1998,21.5,,,,,,,,,,,,,,,,
US,1999,21.4,,,,,,,,,,,,,,,,
US,2000,21.3,,,,,,,,,,,,,,,,
US,2001,20.9,,,,,,,,,,,,,,,,
US,2002,20.5,,,,,,,,,,,,,,,,
US,2003,20.2,,,,,,,,,,,,,,,,
US,2004,19.7,,,,,,,,,,,,,,,,
US,2005,19.4,,,,,,,,,,,,,,,,
US,2006,20.0,,,,,,,,,,,,,,,,
US,2007,19.4,,,,,,,,,,,,,,,,
US,2008,19.4,,,,,,,,,,,,,,,,
US,2009,18.5,,,,,,,,,,,,,,,,
US,2010,17.7,,,,,,,,,,,,,,,,
US,2011,16.9,,,,,,,,,,,,,,,,
US,2012,16.1,,,,,,,,,,,,,,,,
US,2013,15.2,,,,,,,,,,,,,,,,
US,2014,14.6,,,,,,,,,,,,,,,,
US,2015,14.2,,,,,,,,,,,,,,,,
US,2016,13.7,,,,,,,,,,,,,,,,
US,2017,13.5,,,,,,,,,,,,,,,,
US,2018,13.8,,,,,,,,,,,,,,,,
US,2019,14.2,,,,,,,,,,,,,,,,
US,2020,14.4,,,,,,,,,,,,,,,,
UT,1988,11.9,4.9,243.1,,-5.0,,,,,,,,,,,,
UT,1992,8.9,4.9,290.5,,-5.0,,,,,,,,,,,,
UT,1996,7.8,3.4,331.9,,-5.0,,,,,,,,,,,,
UT,2000,6.6,3.3,255.7,70056.3,-5.0,,,,,,,,,,,,
UT,2005,6.5,4.0,225.0,95512.0,-5.0,,,,,,,,,,,,
UT,2006,6.7,2.8,226.3,106787.1,-5.0,,,,,,,,,,,,
UT,2007,6.8,2.6,239.9,115180.7,-5.0,,,,,,,,,,,,
UT,2008,6.6,3.3,225.3,116949.2,-5.0,,,,,,,,,,,,
UT,2009,6.2,7.6,215.4,113834.8,-5.0,,,,,,,,,,,,
UT,2010,5.7,8.3,213.5,118296.3,-5.0,11.5,16.2,12.0,11.2,50.3,49.7,90.6,29.3,54744.0,97.6,2.2,0.1
UT,2011,5.3,7.2,197.1,125137.8,-5.0,11.6,15.7,12.3,10.8,50.3,49.7,90.3,29.7,,97.5,2.3,0.2
UT,2012,5.2,4.8,205.8,129431.4,-5.0,11.4,15.6,12.5,10.8,50.3,49.7,91.0,30.7,,97.6,2.2,0.2
UT,2013,5.0,4.2,224.0,135344.3,-5.0,11.5,15.2,12.9,10.5,,,91.5,31.3,,,,
UT,2014,4.6,3.6,215.6,142627.7,-5.0,11.3,14.8,13.2,10.5,,,91.4,31.1,,,,
UT,2015,4.6,3.5,236.0,149762.1,-5.0,11.4,14.7,13.4,10.3,,,91.5,31.8,,,,
UT,2016,4.6,3.3,242.8,159330.6,-5.0,11.3,14.7,13.4,10.3,,,91.7,32.6,,,,
UT,2017,4.5,3.1,238.9,172075.0,-5.0,11.3,14.6,13.7,10.2,,,92.1,34.6,,,,
UT,2018,4.4,2.9,233.1,186805.7,-5.0,,,,,,,,,,,,
UT,2019,4.4,2.5,235.6,201312.2,-5.0,,,,,,,,,,,,
UT,2020,4.5,4.8,,206240.5,-5.0,,,,,,,,,,,,
VT,1988,21.6,3.0,142.3,,2.0,,,,,,,,,,,,
VT,1992,16.0,6.0,109.5,,2.0,,,,,,,,,,,,
VT,1996,15.4,4.2,121.2,,2.0,,,,,,,,,,,,
VT,2000,11.6,2.8,113.5,18492.9,2.0,,,,,,,,,,,,
VT,2005,14.4,3.5,126.0,23763.0,2.0,,,,,,,,,,,,
VT,2006,14.2,3.7,145.1,24507.1,2.0,,,,,,,,,,,,
VT,2007,14.0,3.9,129.1,25025.2,2.0,,,,,,,,,,,,
VT,2008,14.3,4.5,137.5,26140.4,2.0,,,,,,,,,,,,
VT,2009,14.0,6.5,134.6,26220.0,2.0,,,,,,,,,,,,
VT,2010,13.6,6.2,131.0,27478.3,2.0,10.4,11.1,12.4,16.2,49.2,50.8,91.0,33.6,49406.0,98.4,1.6,0.1
VT,2011,13.7,5.4,147.6,28558.5,2.0,10.5,11.2,12.4,15.9,49.2,50.8,91.8,35.4,,97.8,2.1,0.1
VT,2012,13.4,4.8,142.6,29325.6,2.0,10.7,11.2,11.7,15.6,49.4,50.6,91.7,35.8,,98.0,1.9,0.2
VT,2013,12.8,4.4,121.1,29477.6,2.0,10.6,11.2,11.6,15.2,,,91.5,35.7,,,,
VT,2014,11.9,3.9,99.3,30359.4,2.0,10.6,11.6,11.5,14.4,,,92.0,34.9,,,,
VT,2015,11.5,3.5,118.0,31152.4,2.0,10.7,11.3,11.2,14.4,,,91.7,36.9,,,,
VT,2016,11.0,3.1,158.3,31840.2,2.0,10.6,11.5,11.3,13.9,,,92.1,36.4,,,,
VT,2017,9.9,2.9,165.8,32589.2,2.0,10.7,11.8,11.1,13.3,,,92.6,38.3,,,,
VT,2018,9.4,2.5,172.0,33482.6,2.0,,,,,,,,,,,,
VT,2019,9.1,2.1,202.2,34760.3,2.0,,,,,,,,,,,,
VT,2020,9.5,5.6,,34572.3,2.0,,,,,,,,,,,,
VA,1988,26.6,3.9,299.2,,-3.0,,,,,,,,,,,,
VA,1992,24.6,6.0,374.9,,-3.0,,,,,,,,,,,,
VA,1996,20.6,4.2,341.3,,-3.0,,,,,,,,,,,,
VA,2000,19.3,2.3,281.7,268608.7,-3.0,,,,,,,,,,,,
VA,2005,18.7,3.5,283.0,357427.0,-3.0,,,,,,,,,,,,
VA,2006,19.3,3.1,283.7,376429.4,-3.0,,,,,,,,,,,,
VA,2007,19.9,3.1,272.8,391595.5,-3.0,,,,,,,,,,,,
VA,2008,19.1,4.1,257.8,402157.8,-3.0,,,,,,,,,,,,
VA,2009,18.8,6.8,230.8,409935.3,-3.0,,,,,,,,,,,,
VA,2010,18.5,6.8,214.2,425490.8,-3.0,10.1,13.5,14.0,15.1,49.1,50.9,86.5,34.2,60674.0,97.3,2.5,0.2
VA,2011,17.6,6.3,197.6,433683.7,-3.0,10.2,13.6,13.7,14.9,49.1,50.9,87.8,35.1,,97.0,2.7,0.3
VA,2012,17.7,5.8,190.1,445008.5,-3.0,10.1,13.9,13.5,14.6,49.0,51.0,87.9,35.5,,96.8,2.9,0.3
VA,2013,17.8,5.5,196.2,456911.6,-3.0,10.1,14.0,13.3,14.3,,,88.4,36.1,,,,
VA,2014,14.6,5.1,196.2,465601.7,-3.0,10.0,14.0,13.2,14.1,,,88.5,36.7,,,,
VA,2015,13.9,4.4,195.6,485540.9,-3.0,9.9,14.0,13.1,14.0,,,88.9,37.0,,,,
VA,2016,13.1,4.0,217.6,499032.4,-3.0,9.8,13.7,13.0,13.8,,,89.3,38.1,,,,
VA,2017,12.1,3.6,208.2,515167.2,-3.0,9.7,13.8,13.1,13.5,,,89.7,38.7,,,,
VA,2018,12.4,3.0,200.0,537158.3,-3.0,,,,,,,,,,,,
VA,2019,12.9,2.8,208.0,561701.8,-3.0,,,,,,,,,,,,
VA,2020,13.8,6.5,,566101.5,-3.0,,,,,,,,,,,,
WA,1988,27.8,6.3,466.4,,3.0,,,,,,,,,,,,
WA,1992,28.0,7.2,534.5,,3.0,,,,,,,,,,,,
WA,1996,21.3,5.9,431.2,,3.0,,,,,,,,,,,,
WA,2000,20.8,5.1,369.7,237594.0,3.0,,,,,,,,,,,,
WA,2005,18.0,5.6,346.0,293402.0,3.0,,,,,,,,,,,,
WA,2006,18.4,5.0,348.7,314190.8,3.0,,,,,,,,,,,,
WA,2007,18.8,4.6,336.5,341712.3,3.0,,,,,,,,,,,,
WA,2008,18.4,5.2,334.2,352460.7,3.0,,,,,,,,,,,,
WA,2009,17.4,9.1,336.3,349945.4,3.0,,,,,,,,,,,,
WA,2010,16.5,10.0,313.5,363544.2,3.0,9.7,13.9,13.5,14.6,49.8,50.2,89.8,31.1,55631.0,95.5,4.1,0.4
WA,2011,15.9,9.4,295.3,377518.8,3.0,9.8,14.1,13.4,14.3,49.9,50.1,90.1,31.9,,95.3,4.2,0.4
WA,2012,14.8,8.5,295.6,398358.5,3.0,9.7,14.1,13.3,14.0,49.9,50.1,90.4,31.7,,95.0,4.5,0.4
WA,2013,13.8,6.7,289.1,416924.1,3.0,9.6,14.2,13.2,13.6,,,90.1,32.7,,,,
WA,2014,13.7,5.9,285.2,439851.2,3.0,9.6,14.3,13.1,13.4,,,90.4,33.1,,,,
WA,2015,12.9,5.5,284.4,467590.6,3.0,9.3,14.6,12.9,13.2,,,90.8,34.2,,,,
WA,2016,12.1,5.2,302.2,489790.2,3.0,9.1,14.7,13.0,13.1,,,90.8,35.1,,,,
WA,2017,12.1,4.7,304.5,527169.4,3.0,8.9,14.9,13.2,12.8,,,91.3,35.5,,,,
WA,2018,12.1,4.4,311.5,570337.8,3.0,,,,,,,,,,,,
WA,2019,12.2,4.2,293.9,608643.4,3.0,,,,,,,,,,,,
WA,2020,11.6,8.7,,617739.1,3.0,,,,,,,,,,,,
WV,1988,11.7,9.8,131.4,,0.0,,,,,,,,,,,,
WV,1992,11.1,11.2,211.5,,0.0,,,,,,,,,,,,
WV,1996,8.6,7.7,210.1,,0.0,,,,,,,,,,,,
WV,2000,7.9,5.6,316.5,42620.7,0.0,,,,,,,,,,,,
WV,2005,7.7,5.1,274.0,53814.3,0.0,,,,,,,,,,,,
WV,2006,8.2,4.8,281.2,57204.1,0.0,,,,,,,,,,,,
WV,2007,8.8,4.5,276.8,59480.4,0.0,,,,,,,,,,,,
WV,2008,7.8,4.5,275.9,62978.7,0.0,,,,,,,,,,,,
WV,2009,8.9,8.0,305.2,64040.1,0.0,,,,,,,,,,,,
WV,2010,10.1,8.4,301.2,66160.4,0.0,9.3,11.8,12.9,14.7,49.3,50.7,83.2,17.5,38218.0,98.0,1.8,0.1
WV,2011,9.7,7.7,296.3,69367.6,0.0,9.4,11.7,12.6,14.5,49.3,50.7,84.2,18.5,,97.9,2.0,0.1
WV,2012,8.2,7.2,316.3,70303.1,0.0,9.4,11.8,12.4,14.2,49.1,50.9,84.5,18.6,,98.1,1.8,0.1
WV,2013,6.7,6.7,300.3,71758.6,0.0,9.6,11.5,12.6,13.7,,,84.6,18.9,,,,
WV,2014,6.8,6.5,302.0,73042.6,0.0,9.2,11.9,12.3,13.6,,,85.2,19.2,,,,
WV,2015,7.2,6.5,337.9,71713.4,0.0,8.9,11.8,12.5,13.4,,,86.0,19.6,,,,
WV,2016,7.6,6.1,358.1,71248.9,0.0,8.9,11.8,12.2,13.3,,,86.0,20.8,,,,
WV,2017,7.4,5.2,350.7,75172.4,0.0,9.0,11.5,12.2,13.1,,,87.1,20.2,,,,
WV,2018,6.7,5.1,289.9,79794.3,0.0,,,,,,,,,,,,
WV,2019,5.9,4.9,316.6,80242.4,0.0,,,,,,,,,,,,
WV,2020,5.7,8.3,,77536.5,0.0,,,,,,,,,,,,
WI,1988,16.6,4.4,214.4,,-2.0,,,,,,,,,,,,
WI,1992,14.3,5.1,275.7,,-2.0,,,,,,,,,,,,
WI,1996,12.8,3.6,252.7,,-2.0,,,,,,,,,,,,
WI,2000,10.8,3.4,236.8,180883.1,-2.0,,,,,,,,,,,,
WI,2005,9.6,4.7,242.0,226937.5,-2.0,,,,,,,,,,,,
WI,2006,9.2,4.7,286.1,237571.9,-2.0,,,,,,,,,,,,
WI,2007,8.8,4.8,291.5,245837.7,-2.0,,,,,,,,,,,,
WI,2008,8.7,4.9,275.5,246493.0,-2.0,,,,,,,,,,,,
WI,2009,8.5,8.8,259.1,246323.8,-2.0,,,,,,,,,,,,
WI,2010,8.3,8.4,248.9,256159.5,-2.0,9.7,12.6,12.7,15.3,49.7,50.3,90.1,26.3,49001.0,97.9,2.0,0.2
WI,2011,7.9,7.5,249.9,265444.0,-2.0,9.7,12.8,12.4,15.1,49.6,50.4,90.4,26.5,,98.0,1.9,0.1
WI,2012,7.4,6.9,280.5,276253.4,-2.0,9.7,12.8,12.2,14.9,49.6,50.4,90.7,27.1,,98.0,1.9,0.1
WI,2013,6.9,6.7,277.9,283791.4,-2.0,9.7,12.8,12.1,14.5,,,90.9,27.7,,,,
WI,2014,6.8,5.3,290.3,296169.9,-2.0,9.7,12.7,12.0,14.2,,,91.4,28.4,,,,
WI,2015,6.8,4.4,305.8,308304.5,-2.0,9.7,12.6,12.1,13.8,,,91.4,28.4,,,,
WI,2016,6.8,3.9,305.9,315420.0,-2.0,9.7,12.6,11.9,13.5,,,91.9,29.5,,,,
WI,2017,7.0,3.3,319.9,321886.8,-2.0,9.6,12.5,12.1,13.1,,,92.4,30.4,,,,
WI,2018,7.4,3.0,295.4,335144.3,-2.0,,,,,,,,,,,,
WI,2019,7.7,3.2,293.2,346906.6,-2.0,,,,,,,,,,,,
WI,2020,7.6,6.4,,344691.0,-2.0,,,,,,,,,,,,
WY,1988,13.0,6.4,314.0,,-3.0,,,,,,,,,,,,
WY,1992,13.2,5.5,319.5,,-3.0,,,,,,,,,,,,
WY,1996,15.0,5.0,249.7,,-3.0,,,,,,,,,,,,
WY,2000,20.0,3.8,266.5,17153.7,-3.0,,,,,,,,,,,,
WY,2005,12.0,3.6,230.0,27530.2,-3.0,,,,,,,,,,,,
WY,2006,11.8,3.1,253.8,32692.2,-3.0,,,,,,,,,,,,
WY,2007,11.3,2.7,257.1,36912.8,-3.0,,,,,,,,,,,,
WY,2008,10.2,3.0,249.7,42694.6,-3.0,,,,,,,,,,,,
WY,2009,9.7,6.3,219.7,36282.2,-3.0,,,,,,,,,,,,
WY,2010,9.4,6.9,197.9,37567.5,-3.0,10.1,13.6,11.7,15.0,50.9,49.1,92.3,24.1,53512.0,97.3,2.7,0.0
WY,2011,9.9,6.1,219.4,39615.1,-3.0,10.1,14.0,11.7,14.2,50.9,49.1,92.0,24.7,,97.2,2.6,0.1
WY,2012,8.6,5.4,201.4,38679.3,-3.0,10.2,13.9,12.0,13.5,50.8,49.2,91.7,24.7,,96.9,2.9,0.2
WY,2013,7.4,4.7,205.1,39365.6,-3.0,10.1,14.0,12.0,12.8,,,93.5,26.6,,,,
WY,2014,7.7,4.4,195.5,40573.9,-3.0,9.8,14.3,12.2,12.4,,,92.6,26.6,,,,
WY,2015,7.3,4.2,222.1,38624.8,-3.0,9.9,14.1,12.3,11.9,,,92.2,26.2,,,,
WY,2016,7.0,5.3,244.2,36105.9,-3.0,9.2,13.8,12.3,11.8,,,93.2,27.1,,,,
WY,2017,6.7,4.3,237.5,37620.3,-3.0,9.2,13.8,12.2,11.2,,,92.9,27.6,,,,
WY,2018,6.6,4.1,212.2,39614.5,-3.0,,,,,,,,,,,,
WY,2019,6.5,3.7,217.4,40029.5,-3.0,,,,,,,,,,,,
WY,2020,6.4,5.9,,36982.7,-3.0,,,,,,,,,,,,
